id_client,recency,frequency,CA,R_score,F_score,M_score,RFM_score,Segment,CanalAcquisition,Recurrent,profit
C0000,5,16,4523.1153,4,4,4,12,VIP,Email,1,1103.1713000000002
C0001,5,22,6959.438,4,4,4,12,VIP,Instagram Ads,1,1694.4720000000002
C0002,9,23,7309.1561,4,4,4,12,VIP,Google Ads,1,2031.5921000000003
C0003,6,25,8437.1465,4,4,4,12,VIP,Instagram Ads,1,2626.2725
C0004,41,15,4543.5824,2,4,4,10,VIP,Email,1,1276.2064
C0005,7,21,6773.879800000001,4,4,4,12,VIP,Google Ads,1,1859.8818000000003
C0006,16,16,2125.7175,3,4,4,11,VIP,Instagram Ads,1,483.5955
C0007,4,14,2662.1299000000004,4,4,4,12,VIP,Google Ads,1,525.9819000000001
C0008,14,13,2742.0744,3,4,4,11,VIP,Instagram Ads,1,820.0964000000001
C0009,2,13,4683.38,4,4,4,12,VIP,Email,1,1477.1580000000001
C0010,1,16,2896.9272,4,4,4,12,VIP,Google Ads,1,718.7772000000001
C0011,26,9,2204.2026,3,4,4,11,VIP,Google Ads,1,432.25460000000004
C0012,21,19,5058.7638,3,4,4,11,VIP,Email,1,1549.5698000000002
C0013,33,13,2969.3896,3,4,4,11,VIP,Instagram Ads,1,752.6536000000001
C0014,6,13,3426.8622000000005,4,4,4,12,VIP,Google Ads,1,968.0082000000001
C0015,9,10,5861.1318,4,4,4,12,VIP,Email,1,1956.3818
C0016,8,14,5538.9164,4,4,4,12,VIP,Email,1,1586.2324
C0017,19,7,479.823,3,4,2,9,Fidèles,Email,1,34.471
C0018,24,10,2842.8627,3,4,4,11,VIP,Influenceur,1,730.7387000000002
C0019,1,11,1376.9333000000001,4,4,3,11,VIP,Instagram Ads,1,337.7053000000001
C0020,9,9,2132.4241,4,4,4,12,VIP,Instagram Ads,1,491.66810000000004
C0021,16,6,1198.2114,3,4,3,10,VIP,Instagram Ads,1,285.51740000000007
C0022,1,20,6842.168,4,4,4,12,VIP,Google Ads,1,1795.8820000000003
C0023,39,10,1449.8348,2,4,3,9,Fidèles,Influenceur,1,253.85680000000016
C0024,36,11,5956.4871,2,4,4,10,VIP,Influenceur,1,1983.5050999999999
C0025,1,13,2265.7526,4,4,4,12,VIP,Google Ads,1,487.3166
C0026,7,15,2629.2495,4,4,4,12,VIP,Instagram Ads,1,562.7315000000001
C0027,1,20,6536.3858,4,4,4,12,VIP,Influenceur,1,1820.3718
C0028,12,13,4918.5617,4,4,4,12,VIP,Influenceur,1,1539.1236999999999
C0029,5,11,4340.956099999999,4,4,4,12,VIP,Instagram Ads,1,1374.3761
C0030,5,13,3713.7228,4,4,4,12,VIP,Instagram Ads,1,805.1608000000001
C0031,11,15,3730.1164,4,4,4,12,VIP,Instagram Ads,1,971.2883999999999
C0032,15,13,2487.3217,3,4,4,11,VIP,Instagram Ads,1,590.2057000000001
C0033,5,17,6641.0533000000005,4,4,4,12,VIP,Instagram Ads,1,2087.0593000000003
C0034,6,10,1785.8107,4,4,3,11,VIP,Instagram Ads,1,469.0767000000001
C0035,1,11,2865.2545,4,4,4,12,VIP,Instagram Ads,1,839.0565
C0036,22,11,3653.4510999999998,3,4,4,11,VIP,Google Ads,1,980.5130999999999
C0037,8,14,2858.1920999999998,4,4,4,12,VIP,Influenceur,1,753.8001
C0038,5,14,3513.9111,4,4,4,12,VIP,Google Ads,1,1087.9111
C0039,1,16,3016.9673,4,4,4,12,VIP,Google Ads,1,819.0273
C0040,35,16,4988.6982,2,4,4,10,VIP,Google Ads,1,1459.5462000000002
C0041,4,13,3508.7379,4,4,4,12,VIP,Instagram Ads,1,1018.9539
C0042,20,11,1802.4385000000002,3,4,3,10,VIP,Google Ads,1,470.41050000000007
C0043,5,13,3864.3194,4,4,4,12,VIP,Google Ads,1,1139.0394000000001
C0044,9,15,3381.9442000000004,4,4,4,12,VIP,Instagram Ads,1,813.8582000000002
C0045,11,13,4296.4340999999995,4,4,4,12,VIP,Google Ads,1,1316.5701
C0046,38,16,4258.4852,2,4,4,10,VIP,Instagram Ads,1,1139.4491999999998
C0047,5,15,4156.7631,4,4,4,12,VIP,Instagram Ads,1,998.1851000000001
C0048,24,11,2012.0820999999999,3,4,4,11,VIP,Instagram Ads,1,494.87210000000005
C0049,13,12,2141.3314,3,4,4,11,VIP,Instagram Ads,1,454.8114
C0050,4,18,2867.7985999999996,4,4,4,12,VIP,Influenceur,1,625.2265999999998
C0051,17,15,8646.399,3,4,4,11,VIP,Instagram Ads,1,2662.0150000000003
C0052,18,16,3006.565,3,4,4,11,VIP,Google Ads,1,806.9430000000001
C0053,1,17,6617.6381,4,4,4,12,VIP,Email,1,2190.6521000000002
C0054,14,21,8044.115199999999,3,4,4,11,VIP,Google Ads,1,2461.3792000000003
C0055,16,12,2362.6328,3,4,4,11,VIP,Instagram Ads,1,629.0188000000002
C0056,9,17,3947.1452,4,4,4,12,VIP,Email,1,1005.5392000000002
C0057,5,15,3374.0787,4,4,4,12,VIP,Email,1,956.1907
C0058,17,9,2823.0577000000003,3,4,4,11,VIP,Influenceur,1,643.4337
C0059,33,9,4959.1598,3,4,4,11,VIP,Instagram Ads,1,1500.4258000000004
C0060,1,11,3045.7942000000003,4,4,4,12,VIP,Influenceur,1,828.4182000000001
C0061,2,21,4325.2559,4,4,4,12,VIP,Instagram Ads,1,1190.9679
C0062,12,11,5087.7145,4,4,4,12,VIP,Email,1,1617.2545000000002
C0063,3,9,2429.1142,4,4,4,12,VIP,Google Ads,1,659.0142
C0064,23,10,2571.4799000000003,3,4,4,11,VIP,Instagram Ads,1,639.4099000000001
C0065,19,13,3250.262,3,4,4,11,VIP,Influenceur,1,953.9260000000003
C0066,32,12,1076.4402,3,4,3,10,VIP,Instagram Ads,1,177.1542
C0067,11,19,8476.4071,4,4,4,12,VIP,Instagram Ads,1,2547.9111000000003
C0068,33,10,2547.0381999999995,3,4,4,11,VIP,Google Ads,1,644.6401999999998
C0069,6,17,4952.5404,4,4,4,12,VIP,Instagram Ads,1,1419.2664
C0070,6,17,2751.9487999999997,4,4,4,12,VIP,Influenceur,1,697.9207999999998
C0071,3,14,3101.966,4,4,4,12,VIP,Google Ads,1,789.3499999999999
C0072,3,17,2950.969,4,4,4,12,VIP,Instagram Ads,1,684.791
C0073,6,20,4683.5417,4,4,4,12,VIP,Instagram Ads,1,1201.8497
C0074,19,11,2448.6747,3,4,4,11,VIP,Google Ads,1,708.9827000000001
C0075,3,15,6018.6012,4,4,4,12,VIP,Instagram Ads,1,1727.3792
C0076,2,17,4270.8351999999995,4,4,4,12,VIP,Influenceur,1,1105.1192
C0077,3,17,5969.212799999999,4,4,4,12,VIP,Google Ads,1,1688.6008
C0078,5,13,2088.5444,4,4,4,12,VIP,Instagram Ads,1,562.7404000000001
C0079,41,15,3495.7877,2,4,4,10,VIP,Instagram Ads,1,761.5957
C0080,4,15,3835.7312,4,4,4,12,VIP,Instagram Ads,1,942.2472000000002
C0081,8,16,5663.597,4,4,4,12,VIP,Instagram Ads,1,1780.685
C0082,2,22,7276.9733,4,4,4,12,VIP,Google Ads,1,2226.7772999999997
C0083,15,11,2668.6810000000005,3,4,4,11,VIP,Influenceur,1,773.9410000000001
C0084,25,15,2535.0119,3,4,4,11,VIP,Instagram Ads,1,614.5119000000001
C0085,1,17,4530.4989,4,4,4,12,VIP,Influenceur,1,1298.4629
C0086,15,7,1924.6329999999998,3,4,4,11,VIP,Instagram Ads,1,596.169
C0087,28,14,5040.7532,3,4,4,11,VIP,Instagram Ads,1,1617.7792
C0088,16,10,4096.872,3,4,4,11,VIP,Email,1,1466.404
C0089,3,17,4204.8509,4,4,4,12,VIP,Google Ads,1,1079.2649000000001
C0090,9,13,2481.8504,4,4,4,12,VIP,Email,1,608.2224000000001
C0091,35,12,2945.0890999999997,2,4,4,10,VIP,Influenceur,1,854.0870999999999
C0092,3,15,4145.952,4,4,4,12,VIP,Instagram Ads,1,1255.8239999999998
C0093,7,15,4226.5799,4,4,4,12,VIP,Influenceur,1,1009.6578999999999
C0094,20,16,3990.9307000000003,3,4,4,11,VIP,Instagram Ads,1,1253.6287000000002
C0095,16,22,5104.602,3,4,4,11,VIP,Google Ads,1,1415.412
C0096,15,23,4581.6223,3,4,4,11,VIP,Email,1,1284.9343
C0097,3,14,2792.0073,4,4,4,12,VIP,Google Ads,1,704.0653000000001
C0098,24,9,3353.882,3,4,4,11,VIP,Influenceur,1,1033.936
C0099,2,12,2459.5957,4,4,4,12,VIP,Google Ads,1,626.3276999999999
C0100,29,17,5409.2874,3,4,4,11,VIP,Google Ads,1,1434.5154
C0101,11,18,3839.1215,4,4,4,12,VIP,Instagram Ads,1,832.0455000000001
C0102,2,17,2625.0278,4,4,4,12,VIP,Google Ads,1,599.9618
C0103,22,15,4188.2600999999995,3,4,4,11,VIP,Google Ads,1,1173.6241
C0104,22,14,1250.4193,3,4,3,10,VIP,Email,1,128.99529999999996
C0105,7,16,2370.1989,4,4,4,12,VIP,Email,1,588.4689
C0106,60,12,3922.2650000000003,2,4,4,10,VIP,Email,1,1213.2710000000002
C0107,28,14,1995.9987999999998,3,4,4,11,VIP,Influenceur,1,423.6248
C0108,1,16,5010.4933,4,4,4,12,VIP,Instagram Ads,1,1289.2513000000004
C0109,14,6,1157.6399999999999,3,4,3,10,VIP,Influenceur,1,288.412
C0110,6,11,2417.2016,4,4,4,12,VIP,Instagram Ads,1,487.9516
C0111,5,11,4355.3819,4,4,4,12,VIP,Email,1,1394.7298999999998
C0112,13,14,4893.5404,3,4,4,11,VIP,Instagram Ads,1,1535.6044
C0113,2,9,1657.0874000000001,4,4,3,11,VIP,Instagram Ads,1,385.4734000000001
C0114,7,20,8915.4355,4,4,4,12,VIP,Email,1,2889.0275000000006
C0115,9,13,2827.0512,4,4,4,12,VIP,Google Ads,1,769.7092
C0116,2,8,2049.2952,4,4,4,12,VIP,Instagram Ads,1,559.9092
C0117,3,15,6956.0992,4,4,4,12,VIP,Instagram Ads,1,2234.1372
C0118,1,13,2327.8755,4,4,4,12,VIP,Google Ads,1,459.34150000000005
C0119,1,21,5869.7717,4,4,4,12,VIP,Instagram Ads,1,1856.1397000000002
C0120,1,27,9240.3449,4,4,4,12,VIP,Instagram Ads,1,2950.8769
C0121,2,15,4155.1565,4,4,4,12,VIP,Instagram Ads,1,1127.8425
C0122,6,14,3342.8562,4,4,4,12,VIP,Instagram Ads,1,936.8702000000001
C0123,3,16,4528.1715,4,4,4,12,VIP,Instagram Ads,1,1201.6855
C0124,18,14,4127.3773,3,4,4,11,VIP,Instagram Ads,1,1204.6633000000002
C0125,3,14,1975.6096999999997,4,4,4,12,VIP,Email,1,503.01169999999996
C0126,9,13,5524.9822,4,4,4,12,VIP,Google Ads,1,1440.3262000000004
C0127,8,14,3056.8015,4,4,4,12,VIP,Email,1,753.4074999999999
C0128,12,15,3765.5503,4,4,4,12,VIP,Influenceur,1,1090.9683000000002
C0129,10,8,3122.6906,4,4,4,12,VIP,Email,1,991.0225999999998
C0130,6,21,3079.8836,4,4,4,12,VIP,Email,1,785.5255999999998
C0131,1,18,6967.2244,4,4,4,12,VIP,Email,1,2172.4624000000003
C0132,3,17,6132.384099999999,4,4,4,12,VIP,Email,1,1657.1581
C0133,32,14,3912.4497,3,4,4,11,VIP,Google Ads,1,1288.9557000000002
C0134,14,20,6089.9309,3,4,4,11,VIP,Influenceur,1,1665.5568999999998
C0135,9,18,4106.4007,4,4,4,12,VIP,Google Ads,1,1120.9126999999999
C0136,33,12,4025.1734,3,4,4,11,VIP,Email,1,1206.3514000000002
C0137,19,14,3354.6733999999997,3,4,4,11,VIP,Google Ads,1,948.8134000000001
C0138,7,14,3660.92,4,4,4,12,VIP,Instagram Ads,1,995.5620000000001
C0139,1,14,3682.8347,4,4,4,12,VIP,Instagram Ads,1,923.1407
C0140,5,12,2579.0078999999996,4,4,4,12,VIP,Instagram Ads,1,777.0518999999999
C0141,34,13,2699.4639,3,4,4,11,VIP,Email,1,743.4199000000001
C0142,1,19,6505.5636,4,4,4,12,VIP,Instagram Ads,1,1876.0916000000002
C0143,20,16,3130.2015,3,4,4,11,VIP,Email,1,835.0615
C0144,4,16,2995.7063,4,4,4,12,VIP,Influenceur,1,798.9243
C0145,2,14,3245.8397,4,4,4,12,VIP,Email,1,989.9476999999999
C0146,11,17,5860.3018999999995,4,4,4,12,VIP,Instagram Ads,1,1537.2259
C0147,4,10,2409.8143,4,4,4,12,VIP,Instagram Ads,1,686.7923000000001
C0148,8,18,3602.7206,4,4,4,12,VIP,Google Ads,1,839.6126000000002
C0149,65,12,3052.3871999999997,2,4,4,10,VIP,Instagram Ads,1,808.4951999999998
C0150,15,14,3786.7507,3,4,4,11,VIP,Instagram Ads,1,1066.5287
C0151,19,17,3920.9179,3,4,4,11,VIP,Google Ads,1,1212.4319
C0152,18,15,3911.1510000000003,3,4,4,11,VIP,Influenceur,1,956.3230000000002
C0153,1,15,2177.0816999999997,4,4,4,12,VIP,Influenceur,1,524.2197
C0154,4,12,2379.8552,4,4,4,12,VIP,Instagram Ads,1,537.2752000000003
C0155,5,15,3630.9892,4,4,4,12,VIP,Email,1,842.7692000000001
C0156,3,23,7029.902,4,4,4,12,VIP,Instagram Ads,1,2182.6780000000003
C0157,2,26,11553.7392,4,4,4,12,VIP,Influenceur,1,3580.8112000000006
C0158,11,15,1768.3763999999999,4,4,3,11,VIP,Instagram Ads,1,405.8624
C0159,5,19,5665.1841,4,4,4,12,VIP,Google Ads,1,1408.3481000000002
C0160,29,10,3550.7378,3,4,4,11,VIP,Google Ads,1,1126.3078
C0161,3,16,4313.0788,4,4,4,12,VIP,Instagram Ads,1,1067.1288
C0162,20,16,3803.4536,3,4,4,11,VIP,Influenceur,1,1044.1976
C0163,1,15,4731.740599999999,4,4,4,12,VIP,Influenceur,1,1421.9925999999998
C0164,19,13,2031.0719000000001,3,4,4,11,VIP,Google Ads,1,464.1899000000001
C0165,11,10,3932.5127999999995,4,4,4,12,VIP,Email,1,1249.3487999999998
C0166,2,14,3192.1582,4,4,4,12,VIP,Influenceur,1,775.5602
C0167,25,14,4487.5647,3,4,4,11,VIP,Email,1,1382.8707000000002
C0168,9,16,5775.5195,4,4,4,12,VIP,Email,1,1850.9515000000004
C0169,1,16,4313.0439,4,4,4,12,VIP,Google Ads,1,1151.5439
C0170,1,15,5703.356,4,4,4,12,VIP,Instagram Ads,1,1772.92
C0171,3,12,2832.8151,4,4,4,12,VIP,Instagram Ads,1,744.1210999999998
C0172,9,19,4020.6321,4,4,4,12,VIP,Instagram Ads,1,961.0341000000002
C0173,8,15,4356.9218,4,4,4,12,VIP,Influenceur,1,1193.9738000000002
C0174,1,19,5021.1305999999995,4,4,4,12,VIP,Google Ads,1,1311.8426
C0175,24,9,2977.3158999999996,3,4,4,11,VIP,Email,1,1008.3239
C0176,1,21,4713.8914,4,4,4,12,VIP,Google Ads,1,1217.9494000000002
C0177,1,13,1904.3356999999999,4,4,3,11,VIP,Instagram Ads,1,469.8137
C0178,8,19,7017.5565,4,4,4,12,VIP,Google Ads,1,2240.0265
C0179,18,17,4706.4791000000005,3,4,4,11,VIP,Instagram Ads,1,1379.4491
C0180,4,17,3054.815,4,4,4,12,VIP,Instagram Ads,1,797.7710000000001
C0181,1,15,3304.4656,4,4,4,12,VIP,Instagram Ads,1,859.4256
C0182,12,18,5375.507799999999,4,4,4,12,VIP,Email,1,1786.8337999999999
C0183,1,14,3081.3665,4,4,4,12,VIP,Influenceur,1,687.7705000000001
C0184,10,18,7793.4231,4,4,4,12,VIP,Instagram Ads,1,2484.4471
C0185,13,13,1705.8456,3,4,3,10,VIP,Instagram Ads,1,432.6196
C0186,5,12,4348.9932,4,4,4,12,VIP,Instagram Ads,1,1365.7772
C0187,7,13,5290.9273,4,4,4,12,VIP,Influenceur,1,1727.3853
C0188,25,15,2779.1696,3,4,4,11,VIP,Influenceur,1,712.0816000000001
C0189,7,17,3001.0008,4,4,4,12,VIP,Email,1,709.6628000000001
C0190,27,11,1219.9927,3,4,3,10,VIP,Influenceur,1,239.26870000000005
C0191,8,18,6116.508,4,4,4,12,VIP,Email,1,2032.4560000000001
C0192,10,16,4547.0909,4,4,4,12,VIP,Email,1,1224.8809000000003
C0193,2,20,5826.409900000001,4,4,4,12,VIP,Google Ads,1,1794.1579000000002
C0194,8,15,5433.8348000000005,4,4,4,12,VIP,Influenceur,1,1549.1948
C0195,14,18,4895.9617,3,4,4,11,VIP,Instagram Ads,1,1390.7697
C0196,6,19,5367.5336,4,4,4,12,VIP,Google Ads,1,1610.9116
C0197,11,13,3952.2962999999995,4,4,4,12,VIP,Instagram Ads,1,1218.7503000000002
C0198,18,14,2585.2632,3,4,4,11,VIP,Influenceur,1,693.6732
C0199,3,11,2785.8779,4,4,4,12,VIP,Influenceur,1,606.3559
C0200,2,15,3408.7906,4,4,4,12,VIP,Instagram Ads,1,908.2546
C0201,16,14,4557.1568,3,4,4,11,VIP,Google Ads,1,1569.6588
C0202,18,13,3065.1684,3,4,4,11,VIP,Email,1,776.7684
C0203,12,20,3483.4173,4,4,4,12,VIP,Instagram Ads,1,715.1193000000002
C0204,18,17,2874.5904,3,4,4,11,VIP,Google Ads,1,713.6043999999999
C0205,6,18,3966.8506,4,4,4,12,VIP,Google Ads,1,977.6426000000002
C0206,4,11,3422.1185,4,4,4,12,VIP,Instagram Ads,1,1050.1685000000002
C0207,2,20,7747.8204000000005,4,4,4,12,VIP,Instagram Ads,1,2434.6144000000004
C0208,10,19,3525.8558,4,4,4,12,VIP,Google Ads,1,967.6418
C0209,14,13,4203.8433,3,4,4,11,VIP,Google Ads,1,1174.8073000000002
C0210,11,15,2183.276,4,4,4,12,VIP,Instagram Ads,1,471.47800000000007
C0211,3,13,5051.7473,4,4,4,12,VIP,Email,1,1473.0152999999998
C0212,2,18,5821.0986,4,4,4,12,VIP,Email,1,1513.6966000000002
C0213,1,18,4561.0005,4,4,4,12,VIP,Instagram Ads,1,1247.6645
C0214,10,19,7089.9391,4,4,4,12,VIP,Email,1,2005.2691
C0215,6,14,3225.0325000000003,4,4,4,12,VIP,Google Ads,1,781.7305
C0216,35,13,4133.4728000000005,2,4,4,10,VIP,Influenceur,1,1209.8108000000002
C0217,19,17,2204.0146,3,4,4,11,VIP,Influenceur,1,516.8166
C0218,16,15,4764.5136,3,4,4,11,VIP,Influenceur,1,1405.4456
C0219,8,18,3419.9165,4,4,4,12,VIP,Instagram Ads,1,838.7484999999999
C0220,34,13,3290.6452,3,4,4,11,VIP,Influenceur,1,930.4431999999999
C0221,23,11,2609.9458,3,4,4,11,VIP,Email,1,748.7298
C0222,1,13,3329.7759,4,4,4,12,VIP,Google Ads,1,919.7039000000001
C0223,4,12,1657.1876,4,4,3,11,VIP,Email,1,328.73560000000003
C0224,40,13,3907.8471,2,4,4,10,VIP,Instagram Ads,1,1140.8430999999998
C0225,30,9,1116.1689000000001,3,4,3,10,VIP,Instagram Ads,1,198.9129
C0226,2,13,2685.1963,4,4,4,12,VIP,Email,1,693.5263
C0227,7,15,3214.3787,4,4,4,12,VIP,Google Ads,1,847.7707000000001
C0228,18,7,1464.8737999999998,3,4,3,10,VIP,Instagram Ads,1,354.58379999999994
C0229,21,15,4686.9878,3,4,4,11,VIP,Influenceur,1,1235.5638000000004
C0230,1,13,6435.515,4,4,4,12,VIP,Instagram Ads,1,2024.727
C0231,22,17,5779.3746,3,4,4,11,VIP,Google Ads,1,1703.8866
C0232,9,16,3822.8994999999995,4,4,4,12,VIP,Influenceur,1,1120.9875
C0233,9,11,2677.4373,4,4,4,12,VIP,Influenceur,1,815.8613000000003
C0234,6,19,5702.3765,4,4,4,12,VIP,Email,1,1855.4605000000001
C0235,45,14,3261.4656,2,4,4,10,VIP,Instagram Ads,1,892.7515999999999
C0236,16,15,6183.0898,3,4,4,11,VIP,Google Ads,1,1951.8118
C0237,72,11,4679.9883,2,4,4,10,VIP,Email,1,1442.5103000000001
C0238,31,12,3385.7328999999995,3,4,4,11,VIP,Instagram Ads,1,914.2029
C0239,9,10,3021.419,4,4,4,12,VIP,Instagram Ads,1,676.395
C0240,2,20,3867.0218,4,4,4,12,VIP,Google Ads,1,851.0198000000001
C0241,5,15,5272.0516,4,4,4,12,VIP,Instagram Ads,1,1377.5636000000002
C0242,2,15,7257.4621,4,4,4,12,VIP,Email,1,2265.0461
C0243,14,12,3030.8822000000005,3,4,4,11,VIP,Email,1,780.1442000000003
C0244,16,13,3141.2520999999997,3,4,4,11,VIP,Influenceur,1,971.7461000000001
C0245,1,15,2224.2455,4,4,4,12,VIP,Instagram Ads,1,562.3295
C0246,23,11,2211.326,3,4,4,11,VIP,Google Ads,1,596.44
C0247,4,10,2567.9197999999997,4,4,4,12,VIP,Instagram Ads,1,708.3177999999998
C0248,9,18,6660.048,4,4,4,12,VIP,Google Ads,1,1992.888
C0249,2,18,5345.3069000000005,4,4,4,12,VIP,Instagram Ads,1,1599.6829
C0250,20,17,4805.6442,3,4,4,11,VIP,Influenceur,1,1435.7422
C0251,9,18,4722.7147,4,4,4,12,VIP,Google Ads,1,1014.6507000000003
C0252,1,12,4173.3703,4,4,4,12,VIP,Influenceur,1,1302.6843000000001
C0253,104,10,1045.5967,1,4,3,8,Fidèles,Instagram Ads,1,197.8787
C0254,31,15,3649.3196,3,4,4,11,VIP,Google Ads,1,1091.1375999999998
C0255,1,9,2272.9276,4,4,4,12,VIP,Instagram Ads,1,580.1796
C0256,1,15,1714.3886,4,4,3,11,VIP,Influenceur,1,393.4566
C0257,15,12,2510.3323,3,4,4,11,VIP,Google Ads,1,754.2603
C0258,3,17,4353.6891,4,4,4,12,VIP,Instagram Ads,1,1115.5670999999998
C0259,27,11,2176.8123,3,4,4,11,VIP,Email,1,553.5463000000001
C0260,1,16,4818.3107,4,4,4,12,VIP,Email,1,1399.8427000000001
C0261,11,10,4597.5145999999995,4,4,4,12,VIP,Google Ads,1,1340.5746
C0262,4,13,3537.7021,4,4,4,12,VIP,Influenceur,1,922.1101000000001
C0263,11,12,1433.4955,4,4,3,11,VIP,Influenceur,1,340.3635
C0264,2,7,3843.8667,4,4,4,12,VIP,Email,1,1279.0387
C0265,7,12,3015.8289,4,4,4,12,VIP,Google Ads,1,810.9948999999999
C0266,11,19,10673.226999999999,4,4,4,12,VIP,Instagram Ads,1,3225.097
C0267,34,7,3570.7359,3,4,4,11,VIP,Influenceur,1,1184.0359
C0268,6,14,1765.0435,4,4,3,11,VIP,Email,1,292.2255000000001
C0269,4,18,6242.7876,4,4,4,12,VIP,Instagram Ads,1,1767.3755999999998
C0270,14,10,2421.9745,3,4,4,11,VIP,Email,1,795.1485
C0271,6,16,3983.1011,4,4,4,12,VIP,Google Ads,1,1013.8551000000001
C0272,3,17,6359.6013,4,4,4,12,VIP,Instagram Ads,1,1567.6953
C0273,4,21,7603.8259,4,4,4,12,VIP,Instagram Ads,1,2260.7819000000004
C0274,8,14,3312.6086,4,4,4,12,VIP,Email,1,1003.5946000000001
C0275,35,14,3459.6516,2,4,4,10,VIP,Google Ads,1,995.5756000000002
C0276,12,14,3301.5651,4,4,4,12,VIP,Instagram Ads,1,825.6151000000001
C0277,13,12,4047.7605,3,4,4,11,VIP,Email,1,1227.5025000000003
C0278,2,8,2635.6929999999998,4,4,4,12,VIP,Google Ads,1,885.387
C0279,13,6,1208.5726,3,4,3,10,VIP,Instagram Ads,1,341.1426
C0280,6,19,4463.197,4,4,4,12,VIP,Email,1,1389.2450000000001
C0281,5,12,3546.7003,4,4,4,12,VIP,Instagram Ads,1,871.1883000000001
C0282,1,17,3962.7444,4,4,4,12,VIP,Email,1,1078.1324000000002
C0283,3,18,4693.4809000000005,4,4,4,12,VIP,Email,1,1386.7229
C0284,5,19,4292.6759,4,4,4,12,VIP,Influenceur,1,1054.8799000000001
C0285,18,12,3136.4864000000002,3,4,4,11,VIP,Email,1,717.4964000000002
C0286,23,12,2218.3483,3,4,4,11,VIP,Instagram Ads,1,585.7823
C0287,33,14,3489.5337,3,4,4,11,VIP,Instagram Ads,1,945.6097000000001
C0288,7,13,3870.3156000000004,4,4,4,12,VIP,Influenceur,1,1150.4376000000007
C0289,10,13,4448.1418,4,4,4,12,VIP,Instagram Ads,1,1298.8138000000001
C0290,5,21,3863.6962,4,4,4,12,VIP,Email,1,1065.6362000000001
C0291,6,13,2539.4911,4,4,4,12,VIP,Instagram Ads,1,609.8851
C0292,12,17,3245.8181,4,4,4,12,VIP,Instagram Ads,1,920.2960999999999
C0293,3,16,4899.4679,4,4,4,12,VIP,Instagram Ads,1,1536.6618999999998
C0294,9,13,2465.1682,4,4,4,12,VIP,Email,1,668.5122
C0295,13,10,2335.2592,3,4,4,11,VIP,Instagram Ads,1,650.5472000000001
C0296,6,7,2514.211,4,4,4,12,VIP,Google Ads,1,794.9470000000001
C0297,6,9,4121.0064999999995,4,4,4,12,VIP,Influenceur,1,1363.6425
C0298,2,13,2419.3229,4,4,4,12,VIP,Google Ads,1,678.6729
C0299,18,18,6094.5234,3,4,4,11,VIP,Instagram Ads,1,1591.9094000000002
C0300,2,8,2110.9831,4,4,4,12,VIP,Email,1,613.8471000000001
C0301,23,11,2602.3168,3,4,4,11,VIP,Google Ads,1,660.6268
C0302,6,17,3134.6522,4,4,4,12,VIP,Google Ads,1,804.0382
C0303,1,13,3588.1794,4,4,4,12,VIP,Email,1,1079.6734000000004
C0304,31,12,3005.4964999999997,3,4,4,11,VIP,Instagram Ads,1,822.5085
C0305,20,16,5642.1036,3,4,4,11,VIP,Google Ads,1,1644.6956000000005
C0306,36,8,1147.1835,2,4,3,9,Fidèles,Influenceur,1,292.4135
C0307,7,14,2513.4283,4,4,4,12,VIP,Influenceur,1,673.9243000000001
C0308,1,19,2839.7232000000004,4,4,4,12,VIP,Email,1,560.5712000000002
C0309,2,15,5191.7512,4,4,4,12,VIP,Google Ads,1,1364.9312000000004
C0310,3,24,6182.3563,4,4,4,12,VIP,Instagram Ads,1,1849.9423000000004
C0311,5,16,4469.4924,4,4,4,12,VIP,Instagram Ads,1,1131.4324000000001
C0312,1,20,3052.2672000000002,4,4,4,12,VIP,Instagram Ads,1,683.7952
C0313,11,22,5876.8806,4,4,4,12,VIP,Instagram Ads,1,1549.7446000000004
C0314,9,11,2682.4716,4,4,4,12,VIP,Email,1,738.8756000000001
C0315,4,20,6656.9879,4,4,4,12,VIP,Email,1,1632.1879000000001
C0316,1,13,1858.3692,4,4,3,11,VIP,Google Ads,1,473.8872000000001
C0317,11,11,1477.8675,4,4,3,11,VIP,Instagram Ads,1,275.77750000000003
C0318,21,16,7399.414199999999,3,4,4,11,VIP,Google Ads,1,2599.2322
C0319,27,13,6041.555,3,4,4,11,VIP,Instagram Ads,1,1753.3250000000003
C0320,14,23,6492.0523,3,4,4,11,VIP,Instagram Ads,1,1892.7003000000002
C0321,3,16,3295.913,4,4,4,12,VIP,Instagram Ads,1,716.675
C0322,2,17,2772.163,4,4,4,12,VIP,Google Ads,1,667.0110000000001
C0323,1,12,2468.3541,4,4,4,12,VIP,Influenceur,1,500.6421000000001
C0324,4,17,3981.5067,4,4,4,12,VIP,Instagram Ads,1,1059.6407
C0325,6,14,3117.8948,4,4,4,12,VIP,Instagram Ads,1,711.6688
C0326,5,19,4168.0881,4,4,4,12,VIP,Google Ads,1,1022.5201000000001
C0327,5,15,5507.2686,4,4,4,12,VIP,Google Ads,1,1753.1386
C0328,7,18,5020.4269,4,4,4,12,VIP,Email,1,1454.9709
C0329,17,14,1192.2755,3,4,3,10,VIP,Google Ads,1,152.8375
C0330,20,21,4641.108200000001,3,4,4,11,VIP,Google Ads,1,1211.4102
C0331,16,15,2332.07,3,4,4,11,VIP,Google Ads,1,518.364
C0332,16,18,3617.0865,3,4,4,11,VIP,Instagram Ads,1,890.2925
C0333,8,14,4237.3768,4,4,4,12,VIP,Instagram Ads,1,1085.5708000000002
C0334,8,17,3474.6138,4,4,4,12,VIP,Email,1,922.6878000000002
C0335,2,11,2542.6812,4,4,4,12,VIP,Instagram Ads,1,729.7212
C0336,7,17,6638.8756,4,4,4,12,VIP,Google Ads,1,1934.9816000000003
C0337,4,18,4247.7403,4,4,4,12,VIP,Google Ads,1,1211.7243
C0338,4,13,2989.2118,4,4,4,12,VIP,Instagram Ads,1,754.4238
C0339,1,16,3740.4906,4,4,4,12,VIP,Instagram Ads,1,1097.5206000000003
C0340,10,19,4694.0243,4,4,4,12,VIP,Google Ads,1,1358.4043000000001
C0341,13,11,3744.3512,3,4,4,11,VIP,Instagram Ads,1,1274.9932
C0342,18,8,3080.7073,3,4,4,11,VIP,Instagram Ads,1,974.0613
C0343,16,12,3503.0002999999997,3,4,4,11,VIP,Email,1,950.5443000000001
C0344,9,23,4275.9906,4,4,4,12,VIP,Instagram Ads,1,1030.1646
C0345,23,12,3124.9182,3,4,4,11,VIP,Instagram Ads,1,921.4042000000001
C0346,29,12,3085.6225,3,4,4,11,VIP,Influenceur,1,861.8065
C0347,3,20,4794.5428999999995,4,4,4,12,VIP,Email,1,1330.2449000000001
C0348,1,15,7804.2065,4,4,4,12,VIP,Instagram Ads,1,2107.1965000000005
C0349,4,23,5885.409799999999,4,4,4,12,VIP,Google Ads,1,1645.7038
C0350,32,17,5553.1116999999995,3,4,4,11,VIP,Influenceur,1,1791.7837
C0351,11,13,6523.7305,4,4,4,12,VIP,Instagram Ads,1,2039.6865
C0352,8,13,7765.9038,4,4,4,12,VIP,Google Ads,1,2570.3838000000005
C0353,1,22,5303.4014,4,4,4,12,VIP,Google Ads,1,1199.3414
C0354,31,14,5391.0548,3,4,4,11,VIP,Instagram Ads,1,1444.0428000000002
C0355,6,12,2597.884,4,4,4,12,VIP,Influenceur,1,699.424
C0356,9,17,5808.2095,4,4,4,12,VIP,Instagram Ads,1,1661.6415000000002
C0357,4,17,5235.8144,4,4,4,12,VIP,Google Ads,1,1548.1163999999999
C0358,2,9,4924.6101,4,4,4,12,VIP,Instagram Ads,1,1351.8021000000003
C0359,7,15,4068.1461,4,4,4,12,VIP,Instagram Ads,1,1013.4441000000002
C0360,17,11,3933.1225000000004,3,4,4,11,VIP,Influenceur,1,1069.1565
C0361,16,11,3186.2242,3,4,4,11,VIP,Email,1,869.2322000000001
C0362,27,10,3433.3608,3,4,4,11,VIP,Influenceur,1,1035.8068
C0363,32,10,2185.4865999999997,3,4,4,11,VIP,Google Ads,1,405.32860000000005
C0364,1,19,8252.4673,4,4,4,12,VIP,Google Ads,1,2541.4793000000004
C0365,22,14,2139.1491,3,4,4,11,VIP,Instagram Ads,1,532.6671
C0366,45,11,1448.7103,2,4,3,9,Fidèles,Instagram Ads,1,357.2823
C0367,12,18,5037.8181,4,4,4,12,VIP,Influenceur,1,1561.0561000000002
C0368,10,24,4317.6683,4,4,4,12,VIP,Instagram Ads,1,1094.1243
C0369,12,22,7385.9844,4,4,4,12,VIP,Instagram Ads,1,2219.2304000000004
C0370,12,17,3317.6285,4,4,4,12,VIP,Influenceur,1,868.8645000000001
C0371,19,19,6069.5454,3,4,4,11,VIP,Google Ads,1,1747.4514
C0372,4,11,2150.7415,4,4,4,12,VIP,Instagram Ads,1,473.6235000000002
C0373,10,18,3683.3576000000003,4,4,4,12,VIP,Instagram Ads,1,988.7876000000001
C0374,20,11,1610.7912999999999,3,4,3,10,VIP,Influenceur,1,347.0933
C0375,4,15,2390.4025,4,4,4,12,VIP,Influenceur,1,634.0225
C0376,7,14,5261.8575,4,4,4,12,VIP,Email,1,1610.0855000000001
C0377,22,14,3663.1586,3,4,4,11,VIP,Email,1,851.5206000000002
C0378,18,15,3317.7981999999997,3,4,4,11,VIP,Influenceur,1,870.3342
C0379,2,23,7948.451,4,4,4,12,VIP,Influenceur,1,2212.105
C0380,19,17,2582.6647000000003,3,4,4,11,VIP,Instagram Ads,1,460.2607000000002
C0381,8,10,1515.6557,4,4,3,11,VIP,Influenceur,1,428.7377
C0382,8,11,2999.5681,4,4,4,12,VIP,Google Ads,1,803.8260999999999
C0383,2,9,2456.8654,4,4,4,12,VIP,Instagram Ads,1,703.6594
C0384,5,17,6043.4803999999995,4,4,4,12,VIP,Influenceur,1,1667.5844
C0385,6,16,4251.2811,4,4,4,12,VIP,Influenceur,1,1076.8631
C0386,10,11,1491.8410000000001,4,4,3,11,VIP,Google Ads,1,315.32900000000006
C0387,7,16,3613.0669000000003,4,4,4,12,VIP,Email,1,894.2369000000001
C0388,5,14,3222.1389,4,4,4,12,VIP,Google Ads,1,883.1369
C0389,5,18,3744.187,4,4,4,12,VIP,Google Ads,1,1081.7530000000002
C0390,5,15,5902.9234,4,4,4,12,VIP,Email,1,1832.8193999999999
C0391,20,13,4942.0188,3,4,4,11,VIP,Email,1,1511.8448
C0392,4,16,3871.2599,4,4,4,12,VIP,Google Ads,1,1121.5859
C0393,2,20,5779.0664,4,4,4,12,VIP,Instagram Ads,1,1687.2604
C0394,16,15,3370.3383,3,4,4,11,VIP,Influenceur,1,742.5963
C0395,1,12,3199.4407,4,4,4,12,VIP,Email,1,532.5647000000001
C0396,19,19,1583.6083,3,4,3,10,VIP,Instagram Ads,1,257.5323
C0397,9,9,2191.0173,4,4,4,12,VIP,Google Ads,1,540.7613000000001
C0398,60,12,2868.958,2,4,4,10,VIP,Instagram Ads,1,799.5140000000001
C0399,15,19,4144.5265,3,4,4,11,VIP,Instagram Ads,1,1242.4645
C0400,69,4,1288.176,2,3,3,8,Fidèles,Influenceur,1,370.794
C0401,83,2,1039.1336999999999,1,2,3,6,À réactiver,Email,1,390.97569999999996
C0402,148,1,73.9116,1,1,1,3,À réactiver,Email,0,23.569600000000005
C0406,50,3,2291.7785000000003,2,3,4,9,Fidèles,Instagram Ads,1,774.4045000000001
C0408,28,3,1609.1102999999998,3,3,3,9,Fidèles,Email,1,507.73030000000006
C0409,102,1,68.2434,1,1,1,3,À réactiver,Email,0,20.865399999999994
C0410,59,2,994.069,2,2,3,7,À réactiver,Email,1,140.37900000000005
C0411,43,3,105.1386,2,3,1,6,Occasionnels,Google Ads,1,-18.8054
C0412,84,2,1117.9569999999999,1,2,3,6,À réactiver,Instagram Ads,1,412.30300000000005
C0413,16,3,327.42560000000003,3,3,2,8,Fidèles,Email,1,74.7996
C0414,46,1,993.2669999999999,2,1,3,6,À réactiver,Google Ads,0,382.627
C0417,12,3,206.87179999999998,4,3,2,9,Fidèles,Instagram Ads,1,21.46779999999999
C0418,6,2,120.771,4,2,1,7,Occasionnels,Google Ads,1,13.122999999999998
C0419,79,2,233.74480000000003,1,2,2,5,À réactiver,Instagram Ads,1,39.758800000000036
C0420,46,1,104.144,2,1,1,4,À réactiver,Instagram Ads,0,22.884000000000004
C0421,76,1,26.789399999999997,2,1,1,4,À réactiver,Influenceur,0,-2.316600000000001
C0422,57,2,546.0799,2,2,2,6,À réactiver,Influenceur,1,84.69989999999996
C0423,42,1,67.752,2,1,1,4,À réactiver,Influenceur,0,-5.297999999999998
C0424,171,1,16.905,1,1,1,3,À réactiver,Google Ads,0,-9.018999999999998
C0425,28,3,795.1715,3,3,3,9,Fidèles,Email,1,222.37150000000003
C0426,88,1,5.501600000000001,1,1,1,3,À réactiver,Influenceur,0,-17.206400000000002
C0428,11,3,306.5256,4,3,2,9,Fidèles,Influenceur,1,85.61360000000002
C0430,110,2,354.53040000000004,1,2,2,5,À réactiver,Google Ads,1,98.47440000000003
C0431,145,2,127.9922,1,2,1,4,À réactiver,Google Ads,1,17.054199999999998
C0432,95,1,33.6336,1,1,1,3,À réactiver,Google Ads,0,-2.1123999999999974
C0433,56,2,1370.5321,2,2,3,7,À réactiver,Instagram Ads,1,460.5880999999998
C0435,113,1,78.861,1,1,1,3,À réactiver,Google Ads,0,16.450999999999997
C0436,36,2,1608.0045,2,2,3,7,À réactiver,Google Ads,1,622.1105000000001
C0438,8,3,1269.6230999999998,4,3,3,10,VIP,Instagram Ads,1,258.9530999999999
C0439,4,6,1358.4146,4,4,3,11,VIP,Instagram Ads,1,261.9206000000001
C0440,9,3,213.2184,4,3,2,9,Fidèles,Google Ads,1,39.106400000000015
C0441,36,3,1249.0166,2,3,3,8,Fidèles,Instagram Ads,1,228.49059999999992
C0442,124,1,434.99700000000007,1,1,2,4,À réactiver,Email,0,137.4290000000001
C0445,73,1,90.72399999999999,2,1,1,4,À réactiver,Instagram Ads,0,0.13400000000000034
C0446,21,2,168.47820000000002,3,2,2,7,Occasionnels,Instagram Ads,1,26.3822
C0447,62,1,349.812,2,1,2,5,À réactiver,Google Ads,0,104.32400000000001
C0448,66,5,268.36560000000003,2,3,2,7,Occasionnels,Email,1,-12.430399999999985
C0450,59,2,347.0048,2,2,2,6,À réactiver,Instagram Ads,1,95.84279999999998
C0451,10,4,312.835,4,3,2,9,Fidèles,Email,1,28.269000000000005
C0452,30,2,407.80440000000004,3,2,2,7,Occasionnels,Instagram Ads,1,71.50840000000005
C0453,87,2,173.3161,1,2,2,5,À réactiver,Instagram Ads,1,15.878099999999996
C0454,39,2,408.6155,2,2,2,6,À réactiver,Email,1,71.73349999999998
C0455,14,3,800.0782,3,3,3,9,Fidèles,Instagram Ads,1,136.47420000000005
C0457,95,1,148.3383,1,1,1,3,À réactiver,Email,0,31.7263
C0458,68,1,11.8422,2,1,1,4,À réactiver,Google Ads,0,-8.329799999999999
C0459,168,1,811.3572000000001,1,1,3,5,À réactiver,Email,0,274.98120000000006
C0461,42,2,68.5026,2,2,1,5,À réactiver,Google Ads,1,6.618599999999995
C0464,23,2,1900.8845999999999,3,2,3,8,Fidèles,Google Ads,1,641.1786
C0466,76,1,561.8744999999999,2,1,2,5,À réactiver,Email,0,215.44449999999992
C0467,18,2,709.3086,3,2,3,8,Fidèles,Influenceur,1,214.26259999999996
C0468,49,3,610.6126,2,3,3,8,Fidèles,Instagram Ads,1,141.96060000000006
C0469,60,2,1664.6699999999998,2,2,3,7,À réactiver,Google Ads,1,606.42
C0470,9,2,117.70679999999999,4,2,1,7,Occasionnels,Email,1,15.194799999999987
C0473,59,2,582.6986,2,2,2,6,À réactiver,Google Ads,1,142.84860000000003
C0474,75,1,69.3714,2,1,1,4,À réactiver,Instagram Ads,0,4.773399999999999
C0475,21,1,711.62,3,1,3,7,Occasionnels,Influenceur,0,235.91000000000003
C0476,45,5,1739.3031999999998,2,3,3,8,Fidèles,Instagram Ads,1,534.6991999999999
C0477,22,1,87.16099999999999,3,1,1,5,Occasionnels,Instagram Ads,0,12.240999999999993
C0479,56,3,553.6781,2,3,2,7,Occasionnels,Instagram Ads,1,103.2541
C0480,152,2,373.63469999999995,1,2,2,5,À réactiver,Email,1,130.4487
C0481,55,3,1364.261,2,3,3,8,Fidèles,Google Ads,1,483.079
C0482,106,2,391.7976,1,2,2,5,À réactiver,Instagram Ads,1,95.37360000000001
C0483,129,1,51.0082,1,1,1,3,À réactiver,Influenceur,0,-7.799800000000001
C0484,15,3,1373.7621,3,3,3,9,Fidèles,Google Ads,1,453.8040999999999
C0485,1,2,223.2004,4,2,2,8,Fidèles,Instagram Ads,1,38.406400000000005
C0486,78,2,1740.9564,2,2,3,7,À réactiver,Google Ads,1,618.9724
C0487,31,2,1241.1555,3,2,3,8,Fidèles,Email,1,466.16150000000005
C0489,91,1,70.24080000000001,1,1,1,3,À réactiver,Instagram Ads,0,-2.2411999999999903
C0491,2,2,706.5765,4,2,3,9,Fidèles,Email,1,141.1685000000001
C0492,112,2,144.95759999999999,1,2,1,4,À réactiver,Influenceur,1,28.515599999999996
C0493,35,1,665.9516,2,1,3,6,À réactiver,Instagram Ads,0,89.94560000000003
C0495,22,1,38.9205,3,1,1,5,Occasionnels,Email,0,3.780499999999998
C0496,27,3,1039.8272,3,3,3,9,Fidèles,Email,1,334.53319999999997
C0497,52,1,75.7076,2,1,1,4,À réactiver,Email,0,15.573599999999995
C0498,64,1,135.924,2,1,1,4,À réactiver,Email,0,43.604
C0499,27,2,173.6046,3,2,2,7,Occasionnels,Email,1,22.104600000000012
C0500,17,1,344.2023,3,1,2,6,Occasionnels,Influenceur,0,94.21629999999998
C0501,31,3,297.6218,3,3,2,8,Fidèles,Instagram Ads,1,63.1078
C0503,26,7,400.99319999999994,3,4,2,9,Fidèles,Influenceur,1,7.441199999999984
C0505,30,2,713.2198999999999,3,2,3,8,Fidèles,Google Ads,1,241.33190000000002
C0507,149,1,11.043,1,1,1,3,À réactiver,Email,0,-5.348999999999999
C0508,98,3,947.9912999999999,1,3,3,7,Occasionnels,Instagram Ads,1,269.1133
C0509,38,2,190.5589,2,2,2,6,À réactiver,Instagram Ads,1,29.450900000000015
C0510,27,2,1629.9912999999997,3,2,3,8,Fidèles,Instagram Ads,1,531.1432999999998
C0512,134,1,611.532,1,1,3,5,À réactiver,Instagram Ads,0,193.16400000000004
C0517,87,1,43.616,1,1,1,3,À réactiver,Email,0,7.1259999999999994
C0518,17,2,148.93619999999999,3,2,1,6,Occasionnels,Email,1,21.0162
C0519,75,1,253.41680000000002,2,1,2,5,À réactiver,Google Ads,0,77.65880000000003
C0520,13,2,663.486,3,2,3,8,Fidèles,Instagram Ads,1,214.876
C0521,86,1,92.75439999999999,1,1,1,3,À réactiver,Instagram Ads,0,-1.279599999999995
C0522,9,1,219.408,4,1,2,7,Occasionnels,Instagram Ads,0,18.593999999999994
C0523,109,2,123.36,1,2,1,4,À réactiver,Instagram Ads,1,14.518000000000004
C0524,76,5,1212.569,2,3,3,8,Fidèles,Email,1,393.93300000000005
C0525,137,1,63.581599999999995,1,1,1,3,À réactiver,Google Ads,0,10.697599999999998
C0526,28,4,1496.6007,3,3,3,9,Fidèles,Email,1,495.30869999999993
C0527,108,2,398.2732,1,2,2,5,À réactiver,Email,1,139.22320000000002
C0528,53,4,983.0282000000001,2,3,3,8,Fidèles,Instagram Ads,1,299.85620000000006
C0529,126,1,166.8996,1,1,2,4,À réactiver,Influenceur,0,30.145599999999995
C0530,25,2,64.74889999999999,3,2,1,6,Occasionnels,Email,1,10.436899999999998
C0531,29,5,199.5864,3,3,2,8,Fidèles,Email,1,-10.0856
C0532,66,1,107.2455,2,1,1,4,À réactiver,Google Ads,0,26.4715
C0533,112,1,130.3071,1,1,1,3,À réactiver,Influenceur,0,2.209099999999996
C0534,104,2,242.30669999999998,1,2,2,5,À réactiver,Email,1,65.87669999999999
C0535,41,1,41.773,2,1,1,4,À réactiver,Instagram Ads,0,-3.226999999999993
C0539,81,1,665.703,1,1,3,5,À réactiver,Instagram Ads,0,213.26100000000002
C0540,2,1,47.803999999999995,4,1,1,6,Occasionnels,Influenceur,0,-7.288000000000004
C0542,16,2,520.2882,3,2,2,7,Occasionnels,Instagram Ads,1,146.29420000000005
C0543,173,2,137.36700000000002,1,2,1,4,À réactiver,Instagram Ads,1,14.533000000000017
C0544,174,1,294.99029999999993,1,1,2,4,À réactiver,Instagram Ads,0,63.88429999999995
C0546,53,1,100.08,2,1,1,4,À réactiver,Instagram Ads,0,4.896000000000004
C0547,16,1,500.5124,3,1,2,6,Occasionnels,Instagram Ads,0,166.4864
C0548,108,2,1372.4418,1,2,3,6,À réactiver,Instagram Ads,1,346.3657999999999
C0549,40,1,500.0324999999999,2,1,2,5,À réactiver,Instagram Ads,0,171.73249999999996
C0550,133,1,49.509,1,1,1,3,À réactiver,Email,0,13.323
C0552,161,1,77.2464,1,1,1,3,À réactiver,Influenceur,0,10.3004
C0554,63,1,570.5799999999999,2,1,2,5,À réactiver,Google Ads,0,191.68999999999994
C0555,133,1,353.61809999999997,1,1,2,4,À réactiver,Google Ads,0,126.30409999999998
C0556,57,2,93.7274,2,2,1,5,À réactiver,Instagram Ads,1,21.3294
C0557,33,1,34.056,3,1,1,5,Occasionnels,Influenceur,0,-6.904
C0558,36,1,82.7904,2,1,1,4,À réactiver,Google Ads,0,16.232400000000005
C0559,36,5,730.0279,2,3,3,8,Fidèles,Influenceur,1,163.55190000000007
C0560,77,1,1215.7684,2,1,3,6,À réactiver,Google Ads,0,458.57039999999995
C0563,130,3,883.9168999999999,1,3,3,7,Occasionnels,Instagram Ads,1,273.26089999999994
C0564,9,1,190.77519999999998,4,1,2,7,Occasionnels,Instagram Ads,0,32.379200000000004
C0566,8,5,681.8586,4,3,3,10,VIP,Instagram Ads,1,147.82660000000004
C0567,38,2,141.5156,2,2,1,5,À réactiver,Instagram Ads,1,0.5816000000000123
C0568,79,1,924.39,1,1,3,5,À réactiver,Email,0,302.1400000000001
C0569,75,2,184.21620000000001,2,2,2,6,À réactiver,Email,1,29.344200000000008
C0570,20,2,226.42470000000003,3,2,2,7,Occasionnels,Email,1,36.75870000000001
C0571,63,3,1122.7544,2,3,3,8,Fidèles,Google Ads,1,266.2564
C0572,69,3,458.47159999999997,2,3,2,7,Occasionnels,Google Ads,1,136.2116
C0573,32,1,91.5936,3,1,1,5,Occasionnels,Influenceur,0,13.759599999999999
C0574,13,4,2073.5312,3,3,4,10,VIP,Email,1,708.4312
C0577,7,3,1624.5524,4,3,3,10,VIP,Instagram Ads,1,465.9563999999999
C0578,45,4,435.3977,2,3,2,7,Occasionnels,Google Ads,1,70.41370000000002
C0579,88,3,1408.7932,1,3,3,7,Occasionnels,Instagram Ads,1,448.19720000000007
C0583,48,1,64.3746,2,1,1,4,À réactiver,Email,0,18.662600000000005
C0587,21,1,63.86359999999999,3,1,1,5,Occasionnels,Instagram Ads,0,12.629599999999996
C0588,66,2,895.2108999999999,2,2,3,7,À réactiver,Instagram Ads,1,282.75489999999996
C0589,17,5,1572.9167000000002,3,3,3,9,Fidèles,Google Ads,1,359.3387000000001
C0590,6,4,1219.9867,4,3,3,10,VIP,Influenceur,1,406.16670000000005
C0591,140,1,54.1164,1,1,1,3,À réactiver,Instagram Ads,0,-4.761599999999994
C0592,2,4,1694.4075,4,3,3,10,VIP,Instagram Ads,1,397.72950000000003
C0593,98,2,495.25559999999996,1,2,2,5,À réactiver,Influenceur,1,156.51959999999997
C0594,70,2,48.321,2,2,1,5,À réactiver,Instagram Ads,1,-8.423
C0595,39,2,229.5096,2,2,2,6,À réactiver,Google Ads,1,66.44560000000001
C0596,83,2,244.8252,1,2,2,5,À réactiver,Instagram Ads,1,61.923200000000016
C0597,62,4,832.1452,2,3,3,8,Fidèles,Instagram Ads,1,217.1372000000001
C0599,43,1,1420.0095,2,1,3,6,À réactiver,Email,0,479.5095
C0600,59,4,263.4751,2,3,2,7,Occasionnels,Instagram Ads,1,10.76110000000002
C0601,151,1,930.2931000000001,1,1,3,5,À réactiver,Influenceur,0,347.2491000000001
C0602,19,2,110.19800000000001,3,2,1,6,Occasionnels,Instagram Ads,1,13.712000000000005
C0603,6,1,180.97500000000002,4,1,2,7,Occasionnels,Instagram Ads,0,23.46500000000002
C0604,30,2,1217.4281,3,2,3,8,Fidèles,Influenceur,1,451.9801
C0605,28,2,227.5534,3,2,2,7,Occasionnels,Google Ads,1,45.059400000000025
C0606,91,1,118.10399999999998,1,1,1,3,À réactiver,Instagram Ads,0,8.764000000000003
C0607,22,2,116.7632,3,2,1,6,Occasionnels,Instagram Ads,1,20.797199999999997
C0608,108,2,514.4669,1,2,2,5,À réactiver,Instagram Ads,1,84.8109
C0609,17,1,298.45529999999997,3,1,2,6,Occasionnels,Email,0,113.74329999999999
C0611,39,3,1415.6013,2,3,3,8,Fidèles,Email,1,425.5093000000001
C0612,45,1,132.8064,2,1,1,4,À réactiver,Google Ads,0,41.33239999999999
C0613,10,4,744.1509,4,3,3,10,VIP,Influenceur,1,213.7969
C0614,30,3,1099.1502,3,3,3,9,Fidèles,Google Ads,1,224.90620000000007
C0615,152,2,139.338,1,2,1,4,À réactiver,Instagram Ads,1,10.455999999999996
C0617,70,2,120.94799999999998,2,2,1,5,À réactiver,Email,1,15.705999999999992
C0618,48,6,466.5458,2,4,2,8,Fidèles,Instagram Ads,1,77.30980000000002
C0621,61,2,156.86610000000002,2,2,1,5,À réactiver,Influenceur,1,17.366100000000003
C0622,44,1,20.619,2,1,1,4,À réactiver,Email,0,2.052999999999999
C0623,10,3,471.4934,4,3,2,9,Fidèles,Email,1,94.1374
C0624,121,1,47.7628,1,1,1,3,À réactiver,Google Ads,0,3.838799999999999
C0625,4,2,305.5544,4,2,2,8,Fidèles,Google Ads,1,74.56039999999999
C0626,143,1,38.2433,1,1,1,3,À réactiver,Influenceur,0,-8.3687
C0627,93,1,364.6656,1,1,2,4,À réactiver,Email,0,126.21959999999999
C0630,76,1,53.4534,2,1,1,4,À réactiver,Email,0,7.509400000000001
C0631,22,5,1441.9650000000001,3,3,3,9,Fidèles,Instagram Ads,1,379.39300000000014
C0633,114,4,1369.5648,1,3,3,7,Occasionnels,Instagram Ads,1,334.9508
C0634,21,2,76.25699999999999,3,2,1,6,Occasionnels,Email,1,-8.064999999999998
C0635,9,1,154.81619999999998,4,1,1,6,Occasionnels,Email,0,52.99819999999999
C0636,16,1,513.728,3,1,2,6,Occasionnels,Email,0,168.528
C0637,21,1,40.934000000000005,3,1,1,5,Occasionnels,Email,0,5.314000000000005
C0638,94,2,224.29010000000002,1,2,2,5,À réactiver,Google Ads,1,44.04410000000003
C0639,7,2,148.9338,4,2,1,7,Occasionnels,Instagram Ads,1,14.245800000000006
C0640,78,2,127.4708,2,2,1,5,À réactiver,Influenceur,1,18.758800000000008
C0641,24,1,62.0786,3,1,1,5,Occasionnels,Instagram Ads,0,-4.185399999999994
C0642,39,3,3394.6719000000003,2,3,4,9,Fidèles,Instagram Ads,1,1023.2919000000002
C0643,130,3,687.3199999999999,1,3,3,7,Occasionnels,Email,1,219.54999999999998
C0644,178,1,69.0142,1,1,1,3,À réactiver,Google Ads,0,-0.05980000000000274
C0645,6,2,245.57459999999998,4,2,2,8,Fidèles,Instagram Ads,1,31.590600000000002
C0646,113,2,2130.0076,1,2,4,7,À réactiver,Instagram Ads,1,464.3816000000001
C0647,20,2,921.3166000000001,3,2,3,8,Fidèles,Google Ads,1,261.37860000000006
C0648,12,1,215.424,4,1,2,7,Occasionnels,Influenceur,0,53.897999999999996
C0649,89,2,905.8714000000001,1,2,3,6,À réactiver,Instagram Ads,1,267.7814000000001
C0650,21,1,68.3736,3,1,1,5,Occasionnels,Instagram Ads,0,0.7316000000000003
C0651,88,2,886.7212999999999,1,2,3,6,À réactiver,Email,1,208.2133
C0652,164,1,194.83109999999996,1,1,2,4,À réactiver,Instagram Ads,0,14.085099999999976
C0654,37,3,85.47,2,3,1,6,Occasionnels,Influenceur,1,-10.282000000000002
C0655,44,1,167.2233,2,1,2,5,À réactiver,Instagram Ads,0,40.8073
C0656,47,1,266.4426,2,1,2,5,À réactiver,Instagram Ads,0,53.22460000000003
C0657,70,1,391.09289999999993,2,1,2,5,À réactiver,Google Ads,0,127.86489999999995
C0658,10,3,2032.2057,4,3,4,11,VIP,Email,1,461.92170000000004
C0659,16,2,1005.12,3,2,3,8,Fidèles,Instagram Ads,1,288.994
C0661,72,1,90.44099999999999,2,1,1,4,À réactiver,Instagram Ads,0,-2.639000000000003
C0663,39,2,59.942299999999996,2,2,1,5,À réactiver,Influenceur,1,-24.693700000000007
C0664,46,2,448.66670000000005,2,2,2,6,À réactiver,Instagram Ads,1,142.34670000000003
C0665,25,2,196.6497,3,2,2,7,Occasionnels,Email,1,18.81970000000001
C0666,58,1,915.8826,2,1,3,6,À réactiver,Google Ads,0,309.5506
C0667,17,2,108.5694,3,2,1,6,Occasionnels,Instagram Ads,1,7.253399999999996
C0668,5,1,189.4266,4,1,2,7,Occasionnels,Influenceur,0,54.872600000000006
C0669,2,3,489.2475,4,3,2,9,Fidèles,Instagram Ads,1,78.16550000000001
C0670,163,1,68.3136,1,1,1,3,À réactiver,Email,0,21.017599999999995
C0672,102,1,362.0118,1,1,2,4,À réactiver,Influenceur,0,116.6958
C0673,15,1,70.164,3,1,1,5,Occasionnels,Instagram Ads,0,8.858000000000004
C0674,4,2,21.6201,4,2,1,7,Occasionnels,Instagram Ads,1,-20.3639
C0675,117,1,509.34689999999995,1,1,2,4,À réactiver,Instagram Ads,0,58.30289999999998
C0677,8,3,489.3596,4,3,2,9,Fidèles,Instagram Ads,1,123.6696
C0678,1,2,1108.8036000000002,4,2,3,9,Fidèles,Instagram Ads,1,237.44160000000005
C0679,11,1,77.9163,4,1,1,6,Occasionnels,Instagram Ads,0,0.412300000000009
C0681,79,6,3094.5256,1,4,4,9,Fidèles,Email,1,1060.8396
C0683,170,1,27.8784,1,1,1,3,À réactiver,Influenceur,0,-15.4756
C0684,107,4,239.0412,1,3,2,6,Occasionnels,Instagram Ads,1,6.067199999999998
C0685,75,2,36.7212,2,2,1,5,À réactiver,Google Ads,1,-10.082799999999995
C0687,164,1,249.9648,1,1,2,4,À réactiver,Email,0,85.7228
C0688,28,2,286.356,3,2,2,7,Occasionnels,Google Ads,1,47.366000000000035
C0689,137,1,74.86200000000001,1,1,1,3,À réactiver,Email,0,16.894000000000005
C0690,120,1,77.1309,1,1,1,3,À réactiver,Email,0,26.644900000000003
C0691,70,1,95.2314,2,1,1,4,À réactiver,Influenceur,0,17.745399999999993
C0692,4,2,110.9205,4,2,1,7,Occasionnels,Google Ads,1,-9.35949999999999
C0693,134,2,217.84319999999997,1,2,2,5,À réactiver,Instagram Ads,1,47.59519999999999
C0694,17,4,2003.1005999999998,3,3,4,10,VIP,Instagram Ads,1,559.9285999999998
C0695,19,2,1228.4699999999998,3,2,3,8,Fidèles,Influenceur,1,419.7399999999999
C0697,132,3,232.75560000000002,1,3,2,6,Occasionnels,Email,1,47.32360000000001
C0698,166,2,1237.8329999999999,1,2,3,6,À réactiver,Instagram Ads,1,414.91299999999995
C0699,40,3,224.54389999999998,2,3,2,7,Occasionnels,Instagram Ads,1,57.2879
C0700,51,4,1079.743,2,3,3,8,Fidèles,Email,1,282.241
C0701,130,3,132.8168,1,3,1,5,Occasionnels,Google Ads,1,13.884800000000006
C0704,93,2,736.9949999999999,1,2,3,6,À réactiver,Instagram Ads,1,237.44899999999996
C0705,1,2,453.6306,4,2,2,8,Fidèles,Instagram Ads,1,114.93260000000001
C0706,37,1,26.28,2,1,1,4,À réactiver,Instagram Ads,0,-8.95
C0707,167,1,282.3282,1,1,2,4,À réactiver,Google Ads,0,100.53019999999998
C0708,30,1,18.564,3,1,1,5,Occasionnels,Instagram Ads,0,-16.36
C0709,32,2,158.7516,3,2,2,7,Occasionnels,Instagram Ads,1,19.6576
C0710,84,1,37.496,1,1,1,3,À réactiver,Influenceur,0,-14.365999999999996
C0711,1,4,399.9707,4,3,2,9,Fidèles,Instagram Ads,1,41.454700000000045
C0713,22,1,48.6122,3,1,1,5,Occasionnels,Instagram Ads,0,-3.9298
C0714,11,4,540.9469,4,3,2,9,Fidèles,Instagram Ads,1,95.3229
C0715,8,3,598.6993,4,3,2,9,Fidèles,Instagram Ads,1,141.74530000000004
C0716,3,2,210.0668,4,2,2,8,Fidèles,Google Ads,1,56.22280000000001
C0718,47,4,919.1522,2,3,3,8,Fidèles,Instagram Ads,1,256.3102
C0719,110,3,223.0647,1,3,2,6,Occasionnels,Email,1,19.37470000000002
C0720,77,2,2490.4919999999997,2,2,4,8,Fidèles,Instagram Ads,1,758.068
C0721,93,1,5.893,1,1,1,3,À réactiver,Instagram Ads,0,-19.037000000000003
C0722,101,2,509.5191,1,2,2,5,À réactiver,Email,1,152.8571
C0723,114,2,140.5236,1,2,1,4,À réactiver,Google Ads,1,34.8196
C0724,110,3,1183.806,1,3,3,7,Occasionnels,Google Ads,1,394.75800000000004
C0725,6,2,499.0272,4,2,2,8,Fidèles,Google Ads,1,136.81520000000006
C0726,13,2,251.7351,3,2,2,7,Occasionnels,Email,1,76.35910000000003
C0727,39,2,897.4994000000002,2,2,3,7,À réactiver,Instagram Ads,1,187.78740000000013
C0728,180,1,58.696000000000005,1,1,1,3,À réactiver,Instagram Ads,0,0.42600000000000193
C0729,64,5,1176.4313,2,3,3,8,Fidèles,Google Ads,1,371.4233
C0730,167,1,84.9528,1,1,1,3,À réactiver,Instagram Ads,0,0.9187999999999992
C0732,11,2,1782.7518,4,2,3,9,Fidèles,Instagram Ads,1,598.9518000000002
C0734,172,1,92.7592,1,1,1,3,À réactiver,Google Ads,0,26.381200000000007
C0735,50,4,2126.5148000000004,2,3,4,9,Fidèles,Instagram Ads,1,692.3068000000002
C0736,175,1,42.5712,1,1,1,3,À réactiver,Instagram Ads,0,-3.886800000000001
C0738,15,1,25.4364,3,1,1,5,Occasionnels,Instagram Ads,0,-10.0796
C0739,9,3,1742.7744000000002,4,3,3,10,VIP,Email,1,419.1684
C0740,26,3,694.155,3,3,3,9,Fidèles,Instagram Ads,1,119.47699999999998
C0741,58,5,718.9639999999999,2,3,3,8,Fidèles,Instagram Ads,1,134.03800000000007
C0743,100,2,179.0406,1,2,2,5,À réactiver,Instagram Ads,1,23.260600000000018
C0744,69,1,73.3212,2,1,1,4,À réactiver,Influenceur,0,16.9872
C0745,51,2,875.431,2,2,3,7,À réactiver,Influenceur,1,286.5570000000001
C0746,14,2,742.1579999999999,3,2,3,8,Fidèles,Google Ads,1,211.44
C0747,75,1,463.10040000000004,2,1,2,5,À réactiver,Instagram Ads,0,141.13840000000005
C0748,44,3,241.9635,2,3,2,7,Occasionnels,Google Ads,1,41.53150000000001
C0750,65,1,78.3432,2,1,1,4,À réactiver,Influenceur,0,-11.542800000000007
C0751,18,1,98.99820000000001,3,1,1,5,Occasionnels,Instagram Ads,0,9.67620000000002
C0753,91,1,223.769,1,1,2,4,À réactiver,Google Ads,0,69.01900000000002
C0754,127,1,35.964,1,1,1,3,À réactiver,Influenceur,0,-2.8320000000000007
C0755,126,1,22.704300000000003,1,1,1,3,À réactiver,Instagram Ads,0,-9.803699999999997
C0756,118,3,384.7035000000001,1,3,2,6,Occasionnels,Instagram Ads,1,40.87750000000004
C0757,8,1,88.7145,4,1,1,6,Occasionnels,Instagram Ads,0,16.192500000000003
C0758,3,3,222.1292,4,3,2,9,Fidèles,Google Ads,1,8.215200000000014
C0759,41,3,95.1587,2,3,1,6,Occasionnels,Google Ads,1,4.668699999999995
C0760,141,1,34.7758,1,1,1,3,À réactiver,Instagram Ads,0,-8.692200000000001
C0761,69,1,29.4112,2,1,1,4,À réactiver,Email,0,3.249200000000002
C0762,27,4,1930.614,3,3,4,10,VIP,Google Ads,1,637.9740000000002
C0763,97,2,371.37239999999997,1,2,2,5,À réactiver,Instagram Ads,1,70.16639999999998
C0764,33,3,1664.6437999999998,3,3,3,9,Fidèles,Influenceur,1,535.9317999999998
C0765,13,4,410.55109999999996,3,3,2,8,Fidèles,Email,1,37.799099999999996
C0766,44,2,132.10920000000002,2,2,1,5,À réactiver,Email,1,10.101200000000011
C0767,6,2,26.1478,4,2,1,7,Occasionnels,Email,1,-13.8062
C0768,29,2,354.6345,3,2,2,7,Occasionnels,Google Ads,1,86.16450000000003
C0769,29,2,344.9366,3,2,2,7,Occasionnels,Instagram Ads,1,39.48059999999998
C0770,184,1,69.242,1,1,1,3,À réactiver,Google Ads,0,9.582000000000004
C0771,110,2,550.1866,1,2,2,5,À réactiver,Google Ads,1,168.1846
C0772,26,4,1158.666,3,3,3,9,Fidèles,Google Ads,1,256.97
C0773,23,4,1009.409,3,3,3,9,Fidèles,Instagram Ads,1,256.70300000000003
C0774,104,1,8.117999999999999,1,1,1,3,À réactiver,Google Ads,0,-7.772000000000001
C0775,24,3,1197.4379999999999,3,3,3,9,Fidèles,Google Ads,1,347.35400000000004
C0776,105,2,148.1655,1,2,1,4,À réactiver,Email,1,18.799500000000005
C0778,4,2,405.2712,4,2,2,8,Fidèles,Google Ads,1,63.32520000000001
C0779,102,1,183.24720000000002,1,1,2,4,À réactiver,Email,0,57.40320000000002
C0780,28,2,153.5129,3,2,1,6,Occasionnels,Email,1,25.50489999999999
C0781,74,1,43.645199999999996,2,1,1,4,À réactiver,Email,0,-2.232800000000001
C0783,30,2,108.46260000000001,3,2,1,6,Occasionnels,Influenceur,1,-14.959399999999988
C0784,34,2,156.1236,3,2,1,6,Occasionnels,Instagram Ads,1,12.941599999999992
C0785,33,2,40.50750000000001,3,2,1,6,Occasionnels,Email,1,-2.6644999999999976
C0786,72,3,1850.9772,2,3,3,8,Fidèles,Email,1,650.2352000000001
C0787,84,3,566.0256,1,3,2,6,Occasionnels,Email,1,170.35160000000005
C0788,12,4,1434.2595000000001,4,3,3,10,VIP,Influenceur,1,484.8035000000001
C0789,43,2,137.0352,2,2,1,5,À réactiver,Instagram Ads,1,7.409200000000011
C0790,5,1,965.2640000000001,4,1,3,8,Fidèles,Email,0,329.87400000000014
C0791,72,1,45.7608,2,1,1,4,À réactiver,Influenceur,0,2.956800000000001
C0792,37,1,109.0674,2,1,1,4,À réactiver,Google Ads,0,13.061400000000008
C0793,2,2,282.76540000000006,4,2,2,8,Fidèles,Instagram Ads,1,71.83540000000004
C0794,23,2,639.6005999999999,3,2,3,8,Fidèles,Instagram Ads,1,189.3766
C0795,1,3,733.6012000000001,4,3,3,10,VIP,Instagram Ads,1,215.74120000000002
C0796,116,1,161.652,1,1,2,4,À réactiver,Influenceur,0,34.006
C0797,84,1,563.9436,1,1,2,4,À réactiver,Influenceur,0,215.80959999999996
C0798,65,3,715.4055,2,3,3,8,Fidèles,Instagram Ads,1,97.98150000000001
C0799,61,3,2255.2608999999998,2,3,4,9,Fidèles,Instagram Ads,1,777.0009
C0800,73,2,102.0732,2,2,1,5,À réactiver,Google Ads,1,5.165200000000002
C0801,18,2,223.8832,3,2,2,7,Occasionnels,Instagram Ads,1,24.175199999999997
C0802,5,3,1051.639,4,3,3,10,VIP,Google Ads,1,333.88699999999994
C0803,169,1,83.2648,1,1,1,3,À réactiver,Email,0,21.510799999999996
C0804,12,1,19.317,4,1,1,6,Occasionnels,Influenceur,0,-10.153
C0805,22,2,109.48519999999999,3,2,1,6,Occasionnels,Instagram Ads,1,-0.5327999999999999
C0806,127,1,133.29899999999998,1,1,1,3,À réactiver,Influenceur,0,23.442999999999994
C0807,26,3,1057.0084000000002,3,3,3,9,Fidèles,Google Ads,1,295.91840000000013
C0809,76,2,117.11179999999999,2,2,1,5,À réactiver,Email,1,6.163799999999991
C0810,78,1,80.34,2,1,1,4,À réactiver,Instagram Ads,0,0.09000000000000341
C0811,167,1,218.574,1,1,2,4,À réactiver,Influenceur,0,52.30800000000001
C0812,50,3,1757.4853999999998,2,3,3,8,Fidèles,Google Ads,1,609.0853999999999
C0813,73,1,56.9848,2,1,1,4,À réactiver,Email,0,13.100800000000007
C0814,6,4,331.1187,4,3,2,9,Fidèles,Instagram Ads,1,36.544700000000006
C0815,120,5,1146.8926999999999,1,3,3,7,Occasionnels,Instagram Ads,1,332.84470000000005
C0816,135,2,59.31869999999999,1,2,1,4,À réactiver,Email,1,-4.065300000000002
C0817,69,2,299.78860000000003,2,2,2,6,À réactiver,Influenceur,1,78.91460000000002
C0818,19,1,37.1588,3,1,1,5,Occasionnels,Influenceur,0,-3.1651999999999987
C0819,83,1,441.00759999999997,1,1,2,4,À réactiver,Instagram Ads,0,61.46559999999999
C0821,44,2,496.5800999999999,2,2,2,6,À réactiver,Instagram Ads,1,97.67809999999997
C0822,48,2,533.9262,2,2,2,6,À réactiver,Instagram Ads,1,125.61619999999998
C0823,14,3,927.5269999999999,3,3,3,9,Fidèles,Google Ads,1,284.62300000000005
C0824,29,5,3851.5319999999997,3,3,4,10,VIP,Google Ads,1,1399.136
C0825,13,3,1609.2680999999998,3,3,3,9,Fidèles,Influenceur,1,312.64609999999993
C0826,73,2,566.1812,2,2,2,6,À réactiver,Email,1,181.1872
C0827,90,2,93.0496,1,2,1,4,À réactiver,Instagram Ads,1,-3.0083999999999964
C0828,108,2,156.4919,1,2,1,4,À réactiver,Instagram Ads,1,10.179900000000004
C0829,37,2,575.018,2,2,2,6,À réactiver,Instagram Ads,1,69.66600000000004
C0831,29,3,572.3423,3,3,2,8,Fidèles,Email,1,147.47230000000005
C0832,40,2,358.78349999999995,2,2,2,6,À réactiver,Influenceur,1,44.66749999999999
C0833,74,2,1400.8449,2,2,3,7,À réactiver,Instagram Ads,1,450.69090000000006
C0834,149,1,861.27,1,1,3,5,À réactiver,Google Ads,0,303.41999999999996
C0835,25,1,128.5353,3,1,1,5,Occasionnels,Instagram Ads,0,24.369300000000003
C0836,31,3,974.9792,3,3,3,9,Fidèles,Email,1,314.9392
C0838,62,2,816.9,2,2,3,7,À réactiver,Influenceur,1,281.96999999999997
C0839,4,3,1018.5763999999999,4,3,3,10,VIP,Google Ads,1,362.0304
C0840,121,1,31.660099999999996,1,1,1,3,À réactiver,Instagram Ads,0,-11.611900000000002
C0841,22,4,1430.4684,3,3,3,9,Fidèles,Instagram Ads,1,291.47639999999996
C0842,129,2,441.498,1,2,2,5,À réactiver,Instagram Ads,1,109.22399999999999
C0843,80,3,537.669,1,3,2,6,Occasionnels,Email,1,152.049
C0844,84,1,128.4096,1,1,1,3,À réactiver,Email,0,34.91760000000001
C0845,122,1,33.1848,1,1,1,3,À réactiver,Email,0,6.1028
C0846,48,3,496.9463999999999,2,3,2,7,Occasionnels,Email,1,128.2104
C0847,69,1,386.8865,2,1,2,5,À réactiver,Instagram Ads,0,67.22650000000004
C0848,76,2,515.3064,2,2,2,6,À réactiver,Instagram Ads,1,157.51040000000006
C0850,31,2,512.8652,3,2,2,7,Occasionnels,Influenceur,1,172.5772
C0851,42,3,151.8642,2,3,1,6,Occasionnels,Instagram Ads,1,-22.05979999999999
C0853,30,4,395.432,3,3,2,8,Fidèles,Instagram Ads,1,59.77000000000001
C0854,70,1,922.1394,2,1,3,6,À réactiver,Google Ads,0,302.54540000000003
C0855,25,5,797.6891,3,3,3,9,Fidèles,Influenceur,1,206.58710000000002
C0857,11,2,156.4856,4,2,1,7,Occasionnels,Google Ads,1,29.899599999999996
C0858,2,2,293.7118,4,2,2,8,Fidèles,Google Ads,1,80.25779999999997
C0859,8,3,319.45640000000003,4,3,2,9,Fidèles,Influenceur,1,34.74240000000002
C0860,21,2,219.409,3,2,2,7,Occasionnels,Email,1,66.62899999999999
C0861,114,1,69.7389,1,1,1,3,À réactiver,Instagram Ads,0,5.696899999999996
C0863,26,2,1234.8685999999998,3,2,3,8,Fidèles,Instagram Ads,1,335.2586
C0864,62,1,61.220800000000004,2,1,1,4,À réactiver,Instagram Ads,0,-1.1951999999999963
C0865,34,4,1237.2528,3,3,3,9,Fidèles,Email,1,415.4608
C0867,3,3,1302.2072,4,3,3,10,VIP,Instagram Ads,1,422.83920000000006
C0868,12,3,539.6788,4,3,2,9,Fidèles,Instagram Ads,1,146.3908
C0869,12,3,829.0152,4,3,3,10,VIP,Influenceur,1,272.7532
C0870,142,1,112.32220000000001,1,1,1,3,À réactiver,Instagram Ads,0,16.7742
C0871,86,1,145.1205,1,1,1,3,À réactiver,Instagram Ads,0,27.032500000000006
C0872,156,1,255.8283,1,1,2,4,À réactiver,Instagram Ads,0,64.85030000000002
C0873,4,4,685.0344,4,3,3,10,VIP,Google Ads,1,118.40839999999994
C0874,67,1,51.8154,2,1,1,4,À réactiver,Influenceur,0,-4.548599999999997
C0875,15,3,790.1804,3,3,3,9,Fidèles,Google Ads,1,251.80240000000003
C0876,116,3,968.5064,1,3,3,7,Occasionnels,Instagram Ads,1,308.59240000000005
C0877,176,1,297.4512,1,1,2,4,À réactiver,Instagram Ads,0,87.19720000000001
C0878,29,2,93.47879999999999,3,2,1,6,Occasionnels,Google Ads,1,-3.8251999999999935
C0879,11,4,374.8872,4,3,2,9,Fidèles,Influenceur,1,73.71119999999999
C0880,34,5,2635.2909,3,3,4,10,VIP,Instagram Ads,1,658.9109000000002
C0881,120,1,90.33,1,1,1,3,À réactiver,Google Ads,0,12.106000000000002
C0882,34,1,33.580799999999996,3,1,1,5,Occasionnels,Google Ads,0,3.3028000000000013
C0883,102,1,821.9,1,1,3,5,À réactiver,Google Ads,0,316.38
C0884,23,2,73.6959,3,2,1,6,Occasionnels,Instagram Ads,1,-15.182100000000002
C0885,30,2,756.5840999999999,3,2,3,8,Fidèles,Google Ads,1,274.4641
C0886,79,2,51.831500000000005,1,2,1,4,À réactiver,Influenceur,1,-24.458499999999997
C0888,97,1,37.536,1,1,1,3,À réactiver,Google Ads,0,7.226000000000001
C0889,162,1,101.303,1,1,1,3,À réactiver,Instagram Ads,0,9.415000000000003
C0890,100,1,38.5125,1,1,1,3,À réactiver,Instagram Ads,0,-3.3374999999999986
C0891,26,6,1395.1256,3,4,3,10,VIP,Google Ads,1,380.1956
C0892,24,2,1308.0876,3,2,3,8,Fidèles,Email,1,503.1336
C0893,78,3,228.67829999999998,2,3,2,7,Occasionnels,Instagram Ads,1,17.242300000000007
C0894,53,2,467.38120000000004,2,2,2,6,À réactiver,Instagram Ads,1,117.17120000000004
C0895,59,1,18.849600000000002,2,1,1,4,À réactiver,Instagram Ads,0,-7.6923999999999975
C0896,172,1,528.2141999999999,1,1,2,4,À réactiver,Google Ads,0,184.65619999999993
C0897,17,3,524.5341,3,3,2,8,Fidèles,Influenceur,1,124.75009999999999
C0898,107,1,70.0608,1,1,1,3,À réactiver,Google Ads,0,10.686800000000005
C0899,139,1,94.2018,1,1,1,3,À réactiver,Influenceur,0,-1.9021999999999935
C0900,139,2,559.1376,1,2,2,5,À réactiver,Instagram Ads,1,168.6676
C0902,11,3,342.88399999999996,4,3,2,9,Fidèles,Email,1,85.97199999999998
C0903,166,1,18.387,1,1,1,3,À réactiver,Google Ads,0,-3.770999999999999
C0904,57,3,1138.7262,2,3,3,8,Fidèles,Google Ads,1,358.5222
C0906,7,2,507.13059999999996,4,2,2,8,Fidèles,Google Ads,1,161.57859999999997
C0907,150,1,25.888199999999998,1,1,1,3,À réactiver,Instagram Ads,0,-5.565799999999999
C0908,57,2,751.4909,2,2,3,7,À réactiver,Instagram Ads,1,175.00289999999998
C0909,8,3,967.4196,4,3,3,10,VIP,Google Ads,1,298.8236
C0910,159,2,101.8485,1,2,1,4,À réactiver,Google Ads,1,1.4244999999999948
C0911,104,4,892.6546,1,3,3,7,Occasionnels,Instagram Ads,1,238.28260000000006
C0914,64,1,712.2934,2,1,3,6,À réactiver,Google Ads,0,229.70940000000002
C0915,173,1,24.4278,1,1,1,3,À réactiver,Instagram Ads,0,-6.066199999999997
C0917,129,1,101.9994,1,1,1,3,À réactiver,Instagram Ads,0,14.5734
C0918,90,1,35.4816,1,1,1,3,À réactiver,Email,0,5.917599999999998
C0919,61,1,301.887,2,1,2,5,À réactiver,Instagram Ads,0,79.51899999999999
C0920,23,5,2200.9691000000003,3,3,4,10,VIP,Google Ads,1,677.3831
C0921,21,2,510.1545,3,2,2,7,Occasionnels,Email,1,177.26849999999996
C0922,55,1,10.6029,2,1,1,4,À réactiver,Instagram Ads,0,-15.761099999999997
C0923,30,2,879.1818000000001,3,2,3,8,Fidèles,Email,1,285.09780000000006
C0924,110,2,72.0002,1,2,1,4,À réactiver,Google Ads,1,-0.5038
C0925,78,5,273.2263,2,3,2,7,Occasionnels,Instagram Ads,1,6.710300000000007
C0926,85,2,425.13,1,2,2,5,À réactiver,Instagram Ads,1,73.952
C0927,9,1,88.9364,4,1,1,6,Occasionnels,Google Ads,0,19.44440000000001
C0928,120,1,778.1636000000001,1,1,3,5,À réactiver,Instagram Ads,0,190.32560000000007
C0929,72,1,11.4576,2,1,1,4,À réactiver,Influenceur,0,-3.6763999999999992
C0930,107,2,956.7855,1,2,3,6,À réactiver,Instagram Ads,1,343.9894999999999
C0931,27,4,2582.5901999999996,3,3,4,10,VIP,Email,1,690.3861999999999
C0933,21,2,1311.143,3,2,3,8,Fidèles,Google Ads,1,395.125
C0934,22,2,369.25469999999996,3,2,2,7,Occasionnels,Influenceur,1,109.0507
C0935,151,1,15.2241,1,1,1,3,À réactiver,Email,0,0.0920999999999994
C0936,107,1,91.62,1,1,1,3,À réactiver,Email,0,11.154000000000012
C0937,13,5,696.5015,3,3,3,9,Fidèles,Email,1,159.33549999999997
C0938,35,5,1752.93,2,3,3,8,Fidèles,Instagram Ads,1,452.57200000000006
C0939,98,2,890.1773999999999,1,2,3,6,À réactiver,Email,1,299.8793999999999
C0940,3,2,1200.2026,4,2,3,9,Fidèles,Google Ads,1,393.4366
C0941,7,3,561.1918,4,3,2,9,Fidèles,Google Ads,1,166.9058
C0942,4,4,580.7244,4,3,2,9,Fidèles,Instagram Ads,1,93.9284
C0943,2,4,3911.3812,4,3,4,11,VIP,Google Ads,1,1397.3272
C0944,24,3,375.58970000000005,3,3,2,8,Fidèles,Google Ads,1,80.11770000000004
C0945,13,2,347.5294,3,2,2,7,Occasionnels,Instagram Ads,1,68.58940000000001
C0946,46,1,292.88790000000006,2,1,2,5,À réactiver,Instagram Ads,0,64.27390000000005
C0947,15,1,43.7766,3,1,1,5,Occasionnels,Influenceur,0,-0.33539999999999637
C0948,119,1,627.0628,1,1,3,5,À réactiver,Google Ads,0,231.14680000000004
C0949,52,4,850.9603999999999,2,3,3,8,Fidèles,Influenceur,1,207.7024
C0950,111,1,60.2784,1,1,1,3,À réactiver,Google Ads,0,12.0964
C0952,29,2,139.11919999999998,3,2,1,6,Occasionnels,Influenceur,1,14.145199999999997
C0954,126,1,495.9724,1,1,2,4,À réactiver,Instagram Ads,0,96.13040000000001
C0956,119,3,627.9761000000001,1,3,3,7,Occasionnels,Google Ads,1,115.3961
C0958,77,2,507.59340000000003,2,2,2,6,À réactiver,Google Ads,1,157.35940000000002
C0959,41,2,1259.226,2,2,3,7,À réactiver,Google Ads,1,419.35000000000014
C0962,59,2,695.2705,2,2,3,7,À réactiver,Instagram Ads,1,168.2005
C0963,28,1,308.66940000000005,3,1,2,6,Occasionnels,Instagram Ads,0,60.401400000000066
C0964,99,2,225.6384,1,2,2,5,À réactiver,Email,1,31.36039999999999
C0965,25,2,179.17419999999998,3,2,2,7,Occasionnels,Google Ads,1,27.604200000000013
C0967,71,4,1687.1919,2,3,3,8,Fidèles,Google Ads,1,568.2739
C0968,14,3,664.3984,3,3,3,9,Fidèles,Influenceur,1,181.40840000000003
C0969,25,3,1393.8246,3,3,3,9,Fidèles,Google Ads,1,478.1726
C0970,62,2,899.0920000000001,2,2,3,7,À réactiver,Email,1,227.51200000000006
C0971,40,5,550.0811000000001,2,3,2,7,Occasionnels,Google Ads,1,134.70710000000005
C0972,55,3,1504.2317999999998,2,3,3,8,Fidèles,Instagram Ads,1,506.2458
C0974,48,4,1217.2149,2,3,3,8,Fidèles,Instagram Ads,1,271.66890000000006
C0975,43,1,58.0458,2,1,1,4,À réactiver,Instagram Ads,0,9.503800000000002
C0976,34,4,460.66729999999995,3,3,2,8,Fidèles,Instagram Ads,1,60.78729999999998
C0978,73,3,168.5442,2,3,2,7,Occasionnels,Instagram Ads,1,-3.111799999999999
C0979,50,1,76.867,2,1,1,4,À réactiver,Instagram Ads,0,4.617000000000008
C0980,106,2,230.4894,1,2,2,5,À réactiver,Influenceur,1,61.26940000000002
C0982,15,2,86.72299999999998,3,2,1,6,Occasionnels,Google Ads,1,9.526999999999997
C0983,20,3,291.9718,3,3,2,8,Fidèles,Google Ads,1,35.09380000000001
C0984,86,1,467.514,1,1,2,4,À réactiver,Email,0,163.192
C0985,20,1,180.42929999999998,3,1,2,6,Occasionnels,Instagram Ads,0,51.763299999999994
C0986,15,3,621.3005999999999,3,3,3,9,Fidèles,Instagram Ads,1,164.75859999999994
C0987,70,3,2186.7168,2,3,4,9,Fidèles,Google Ads,1,720.1268000000001
C0988,43,2,115.91029999999999,2,2,1,5,À réactiver,Instagram Ads,1,9.574299999999997
C0989,169,1,1047.9672,1,1,3,5,À réactiver,Instagram Ads,0,155.22120000000012
C0990,178,1,39.339,1,1,1,3,À réactiver,Email,0,9.059
C0991,69,3,447.1798,2,3,2,7,Occasionnels,Influenceur,1,105.8518
C0992,106,3,234.8878,1,3,2,6,Occasionnels,Instagram Ads,1,12.003800000000009
C0993,7,2,452.4213,4,2,2,8,Fidèles,Instagram Ads,1,109.5333
C0994,71,1,854.88,2,1,3,6,À réactiver,Email,0,313.69000000000005
C0995,178,1,23.1732,1,1,1,3,À réactiver,Google Ads,0,-4.752799999999999
C0996,151,1,393.3198,1,1,2,4,À réactiver,Instagram Ads,0,88.68180000000004
C0998,101,2,1570.308,1,2,3,6,À réactiver,Email,1,565.1840000000001
C0999,1,3,179.0077,4,3,2,9,Fidèles,Email,1,37.70569999999999
C1000,13,2,281.0152,3,2,2,7,Occasionnels,Influenceur,1,60.71519999999998
C1001,142,1,159.1086,1,1,2,4,À réactiver,Instagram Ads,0,33.68260000000001
C1003,41,4,189.0634,2,3,2,7,Occasionnels,Instagram Ads,1,7.287400000000008
C1004,20,1,47.0076,3,1,1,5,Occasionnels,Instagram Ads,0,-3.6384000000000043
C1005,111,2,2262.6180000000004,1,2,4,7,À réactiver,Instagram Ads,1,604.6180000000004
C1006,45,2,284.3948,2,2,2,6,À réactiver,Google Ads,1,54.168800000000005
C1007,1,5,927.2058000000001,4,3,3,10,VIP,Email,1,165.78180000000006
C1008,54,1,35.697599999999994,2,1,1,4,À réactiver,Email,0,-4.400400000000005
C1009,116,2,114.0696,1,2,1,4,À réactiver,Influenceur,1,8.115599999999999
C1010,142,1,30.519599999999997,1,1,1,3,À réactiver,Email,0,4.881599999999999
C1011,45,4,428.0902,2,3,2,7,Occasionnels,Influenceur,1,50.448200000000014
C1012,4,4,2118.5649000000003,4,3,4,11,VIP,Google Ads,1,785.9029
C1013,75,1,119.71800000000002,2,1,1,4,À réactiver,Google Ads,0,26.75600000000002
C1014,20,2,567.4304,3,2,2,7,Occasionnels,Email,1,176.2264
C1015,9,1,53.10089999999999,4,1,1,6,Occasionnels,Instagram Ads,0,-8.053100000000008
C1016,27,2,479.0086,3,2,2,7,Occasionnels,Google Ads,1,138.76860000000002
C1017,31,2,126.4654,3,2,1,6,Occasionnels,Instagram Ads,1,9.683399999999999
C1018,39,1,47.106,2,1,1,4,À réactiver,Instagram Ads,0,-8.367999999999999
C1019,18,1,316.8882,3,1,2,6,Occasionnels,Instagram Ads,0,89.0242
C1020,142,2,561.0168,1,2,2,5,À réactiver,Email,1,188.49480000000003
C1021,30,2,821.6274,3,2,3,8,Fidèles,Email,1,267.03139999999996
C1022,29,4,1909.4678,3,3,3,9,Fidèles,Email,1,616.2118
C1023,32,3,228.1423,3,3,2,8,Fidèles,Google Ads,1,35.9863
C1024,163,1,1019.1311999999998,1,1,3,5,À réactiver,Google Ads,0,352.5871999999999
C1025,142,1,11.5166,1,1,1,3,À réactiver,Instagram Ads,0,-6.6473999999999975
C1026,96,1,56.646,1,1,1,3,À réactiver,Influenceur,0,-0.22799999999999443
C1027,135,1,62.849399999999996,1,1,1,3,À réactiver,Influenceur,0,5.291400000000003
C1028,80,3,1444.5865999999999,1,3,3,7,Occasionnels,Email,1,497.60060000000004
C1029,174,1,647.0002000000001,1,1,3,5,À réactiver,Instagram Ads,0,122.97420000000011
C1030,65,3,1112.2806,2,3,3,8,Fidèles,Google Ads,1,317.33259999999996
C1031,80,3,1421.0538,1,3,3,7,Occasionnels,Influenceur,1,485.7797999999999
C1032,82,3,964.4342999999999,1,3,3,7,Occasionnels,Email,1,292.47029999999995
C1033,165,1,61.812000000000005,1,1,1,3,À réactiver,Instagram Ads,0,8.004
C1034,99,2,358.133,1,2,2,5,À réactiver,Email,1,115.88099999999997
C1035,69,2,402.84499999999997,2,2,2,6,À réactiver,Instagram Ads,1,34.233
C1036,31,3,744.598,3,3,3,9,Fidèles,Instagram Ads,1,222.51000000000005
C1037,41,1,417.7446,2,1,2,5,À réactiver,Email,0,133.54860000000002
C1038,33,1,24.0212,3,1,1,5,Occasionnels,Google Ads,0,-4.514799999999999
C1039,89,3,1123.3002,1,3,3,7,Occasionnels,Influenceur,1,364.3721999999999
C1040,39,2,1007.6312999999998,2,2,3,7,À réactiver,Email,1,315.2092999999999
C1041,12,2,217.649,4,2,2,8,Fidèles,Google Ads,1,37.266999999999996
C1042,130,1,130.7748,1,1,1,3,À réactiver,Influenceur,0,16.928799999999995
C1043,69,1,59.1519,2,1,1,4,À réactiver,Instagram Ads,0,-9.186100000000003
C1044,58,1,246.0804,2,1,2,5,À réactiver,Instagram Ads,0,55.0064
C1045,94,4,1029.0531,1,3,3,7,Occasionnels,Instagram Ads,1,309.71309999999994
C1046,38,2,748.4359,2,2,3,7,À réactiver,Email,1,264.2039
C1047,28,4,2378.1924,3,3,4,10,VIP,Influenceur,1,803.0164
C1049,3,3,357.7033,4,3,2,9,Fidèles,Email,1,86.19330000000002
C1050,24,1,439.4858,3,1,2,6,Occasionnels,Instagram Ads,0,116.05779999999999
C1051,70,2,321.2628,2,2,2,6,À réactiver,Google Ads,1,99.64480000000003
C1053,66,2,109.296,2,2,1,5,À réactiver,Instagram Ads,1,16.766000000000005
C1054,12,2,690.8706,4,2,3,9,Fidèles,Influenceur,1,227.9586
C1055,82,1,42.966,1,1,1,3,À réactiver,Influenceur,0,-0.9280000000000008
C1056,134,1,46.630199999999995,1,1,1,3,À réactiver,Email,0,6.126199999999995
C1057,13,2,678.6741,3,2,3,8,Fidèles,Instagram Ads,1,219.62209999999993
C1058,70,1,66.9762,2,1,1,4,À réactiver,Instagram Ads,0,0.1282000000000032
C1059,65,2,449.0518,2,2,2,6,À réactiver,Email,1,158.09180000000003
C1060,90,2,1963.8708,1,2,4,7,À réactiver,Google Ads,1,715.0228000000001
C1063,14,4,300.991,3,3,2,8,Fidèles,Google Ads,1,38.47500000000001
C1064,66,3,1731.3858,2,3,3,8,Fidèles,Google Ads,1,475.8918
C1065,150,1,100.635,1,1,1,3,À réactiver,Instagram Ads,0,10.30700000000001
C1066,4,7,2345.8107,4,4,4,12,VIP,Instagram Ads,1,601.3507000000002
C1067,110,2,111.85619999999999,1,2,1,4,À réactiver,Google Ads,1,6.888199999999992
C1068,70,3,1987.2222,2,3,4,9,Fidèles,Instagram Ads,1,648.2202000000001
C1069,81,2,657.3983999999999,1,2,3,6,À réactiver,Email,1,217.87439999999998
C1070,45,1,50.3388,2,1,1,4,À réactiver,Google Ads,0,0.8368000000000002
C1071,19,3,1051.5514,3,3,3,9,Fidèles,Google Ads,1,323.81940000000003
C1072,14,1,61.225,3,1,1,5,Occasionnels,Instagram Ads,0,-9.574999999999996
C1074,43,4,221.305,2,3,2,7,Occasionnels,Instagram Ads,1,8.393000000000006
C1075,81,1,346.69079999999997,1,1,2,4,À réactiver,Google Ads,0,114.97879999999996
C1076,80,3,1871.4141,1,3,3,7,Occasionnels,Google Ads,1,623.3781
C1077,20,1,546.1764,3,1,2,6,Occasionnels,Email,0,184.5944
C1079,42,2,181.05079999999998,2,2,2,6,À réactiver,Google Ads,1,18.7248
C1081,58,1,10.2193,2,1,1,4,À réactiver,Instagram Ads,0,-16.5887
C1082,2,2,253.16499999999996,4,2,2,8,Fidèles,Google Ads,1,69.82699999999998
C1083,36,2,145.9821,2,2,1,5,À réactiver,Instagram Ads,1,17.390100000000004
C1084,161,1,353.21999999999997,1,1,2,4,À réactiver,Influenceur,0,123.86799999999998
C1086,54,3,931.1876,2,3,3,8,Fidèles,Instagram Ads,1,299.8036
C1087,85,1,1762.5825,1,1,3,5,À réactiver,Instagram Ads,0,606.8125000000001
C1088,171,1,100.3464,1,1,1,3,À réactiver,Instagram Ads,0,6.764400000000009
C1089,143,1,12.331199999999999,1,1,1,3,À réactiver,Google Ads,0,-6.296800000000001
C1090,64,3,633.8398,2,3,3,8,Fidèles,Instagram Ads,1,137.06580000000002
C1091,147,1,311.1856,1,1,2,4,À réactiver,Instagram Ads,0,89.71360000000003
C1092,112,1,133.152,1,1,1,3,À réactiver,Email,0,19.412
C1094,157,1,810.9042,1,1,3,5,À réactiver,Instagram Ads,0,268.04019999999997
C1095,15,4,1141.4850000000001,3,3,3,9,Fidèles,Influenceur,1,330.0230000000001
C1096,55,2,144.2373,2,2,1,5,À réactiver,Instagram Ads,1,15.681300000000004
C1097,89,2,862.7986999999999,1,2,3,6,À réactiver,Google Ads,1,308.3087
C1098,75,3,824.1616000000001,2,3,3,8,Fidèles,Google Ads,1,279.30960000000005
C1099,144,1,277.31160000000006,1,1,2,4,À réactiver,Instagram Ads,0,57.60560000000006
C1100,78,4,1417.518,2,3,3,8,Fidèles,Instagram Ads,1,377.82199999999995
C1101,48,2,1569.3878,2,2,3,7,À réactiver,Google Ads,1,558.2958
C1102,37,3,1333.3909999999998,2,3,3,8,Fidèles,Google Ads,1,457.071
C1103,10,3,892.7127,4,3,3,10,VIP,Instagram Ads,1,244.64870000000008
C1105,58,3,764.2231999999999,2,3,3,8,Fidèles,Email,1,256.3791999999999
C1106,76,5,2408.1403999999998,2,3,4,9,Fidèles,Google Ads,1,837.6823999999999
C1107,28,1,134.478,3,1,1,5,Occasionnels,Influenceur,0,33.33800000000001
C1108,43,5,3553.9242,2,3,4,9,Fidèles,Email,1,1036.5282000000002
C1109,58,6,1084.6709,2,4,3,9,Fidèles,Influenceur,1,189.59490000000002
C1111,132,1,139.19400000000002,1,1,1,3,À réactiver,Email,0,43.68200000000001
C1112,13,3,565.2345,3,3,2,8,Fidèles,Email,1,158.5144999999999
C1113,91,1,40.761,1,1,1,3,À réactiver,Google Ads,0,3.1670000000000034
C1115,33,1,295.2777,3,1,2,6,Occasionnels,Influenceur,0,96.3117
C1116,5,1,194.928,4,1,2,7,Occasionnels,Instagram Ads,0,28.792
C1117,41,5,3180.0846999999994,2,3,4,9,Fidèles,Email,1,1113.3206999999998
C1118,183,1,22.5719,1,1,1,3,À réactiver,Email,0,3.549899999999999
C1119,54,2,88.7045,2,2,1,5,À réactiver,Email,1,19.898500000000006
C1120,99,2,579.5364,1,2,2,5,À réactiver,Email,1,176.70439999999996
C1122,31,4,2861.6054,3,3,4,10,VIP,Google Ads,1,972.9834
C1123,10,1,20.6451,4,1,1,6,Occasionnels,Instagram Ads,0,-7.7029
C1125,4,1,174.632,4,1,2,7,Occasionnels,Instagram Ads,0,32.45200000000001
C1126,9,1,164.77679999999998,4,1,2,7,Occasionnels,Instagram Ads,0,11.36879999999999
C1128,116,3,133.834,1,3,1,5,Occasionnels,Instagram Ads,1,8.848000000000008
C1129,18,3,905.1206999999999,3,3,3,9,Fidèles,Instagram Ads,1,245.06869999999998
C1130,88,2,402.0298,1,2,2,5,À réactiver,Instagram Ads,1,82.23580000000005
C1131,9,2,269.954,4,2,2,8,Fidèles,Influenceur,1,39.180000000000014
C1132,52,1,136.5015,2,1,1,4,À réactiver,Google Ads,0,30.747499999999995
C1133,16,3,1542.9147,3,3,3,9,Fidèles,Influenceur,1,503.7747
C1134,70,5,2613.321,2,3,4,9,Fidèles,Influenceur,1,836.533
C1135,22,4,1523.9499999999998,3,3,3,9,Fidèles,Email,1,541.6759999999998
C1136,65,3,2709.0042,2,3,4,9,Fidèles,Google Ads,1,865.0482000000002
C1137,115,1,37.568000000000005,1,1,1,3,À réactiver,Instagram Ads,0,-12.857999999999993
C1138,81,1,393.8132,1,1,2,4,À réactiver,Instagram Ads,0,86.21719999999999
C1139,9,2,249.50039999999998,4,2,2,8,Fidèles,Google Ads,1,69.4384
C1140,124,1,33.0408,1,1,1,3,À réactiver,Instagram Ads,0,-12.495200000000004
C1142,25,3,785.2720999999999,3,3,3,9,Fidèles,Google Ads,1,254.3421
C1143,93,1,119.69699999999999,1,1,1,3,À réactiver,Email,0,28.334999999999997
C1144,97,1,292.1952,1,1,2,4,À réactiver,Instagram Ads,0,73.29119999999998
C1146,31,3,1482.2676000000001,3,3,3,9,Fidèles,Instagram Ads,1,448.06560000000013
C1147,183,1,396.5263,1,1,2,4,À réactiver,Email,0,141.51229999999998
C1148,122,1,447.50399999999996,1,1,2,4,À réactiver,Google Ads,0,155.56399999999996
C1149,149,1,51.4064,1,1,1,3,À réactiver,Google Ads,0,2.072400000000002
C1150,38,1,331.248,2,1,2,5,À réactiver,Google Ads,0,115.15799999999999
C1152,14,2,794.8989,3,2,3,8,Fidèles,Instagram Ads,1,127.27489999999997
C1153,71,2,97.56629999999998,2,2,1,5,À réactiver,Influenceur,1,-2.8097000000000136
C1154,35,2,87.8412,2,2,1,5,À réactiver,Instagram Ads,1,1.0991999999999997
C1156,42,3,1536.8211999999999,2,3,3,8,Fidèles,Influenceur,1,462.3972
C1157,4,2,382.7002,4,2,2,8,Fidèles,Instagram Ads,1,95.9262
C1158,173,1,1286.5800000000002,1,1,3,5,À réactiver,Instagram Ads,0,329.2400000000002
C1159,72,3,230.56000000000003,2,3,2,7,Occasionnels,Email,1,33.33600000000003
C1161,110,1,147.10060000000001,1,1,1,3,À réactiver,Instagram Ads,0,38.086600000000004
C1162,21,2,620.9594000000001,3,2,3,8,Fidèles,Google Ads,1,218.08940000000004
C1163,86,1,79.74560000000001,1,1,1,3,À réactiver,Google Ads,0,15.617600000000007
C1164,9,1,252.07649999999995,4,1,2,7,Occasionnels,Google Ads,0,81.90649999999998
C1165,88,2,81.8089,1,2,1,4,À réactiver,Instagram Ads,1,-20.585099999999994
C1166,56,3,904.5294999999999,2,3,3,8,Fidèles,Instagram Ads,1,285.7394999999999
C1167,129,1,63.488099999999996,1,1,1,3,À réactiver,Instagram Ads,0,-8.9039
C1168,128,1,81.0,1,1,1,3,À réactiver,Google Ads,0,14.079999999999998
C1169,155,2,468.16079999999994,1,2,2,5,À réactiver,Google Ads,1,148.05479999999997
C1170,5,4,2436.819,4,3,4,11,VIP,Google Ads,1,808.425
C1171,28,2,2027.5077,3,2,4,9,Fidèles,Instagram Ads,1,493.4037000000002
C1172,19,3,1596.4542000000001,3,3,3,9,Fidèles,Google Ads,1,453.65420000000006
C1173,40,1,738.3324,2,1,3,6,À réactiver,Instagram Ads,0,255.1164
C1175,4,3,432.6865,4,3,2,9,Fidèles,Instagram Ads,1,95.52650000000003
C1176,184,1,97.888,1,1,1,3,À réactiver,Instagram Ads,0,26.104000000000006
C1178,3,3,983.0618000000001,4,3,3,10,VIP,Email,1,277.15380000000005
C1180,12,1,60.1524,4,1,1,6,Occasionnels,Email,0,19.344399999999997
C1181,34,4,302.815,3,3,2,8,Fidèles,Email,1,69.45300000000002
C1183,21,3,513.15,3,3,2,8,Fidèles,Instagram Ads,1,132.03600000000003
C1184,123,3,2372.8232,1,3,4,8,Fidèles,Google Ads,1,837.9871999999999
C1185,70,3,180.29340000000002,2,3,2,7,Occasionnels,Influenceur,1,15.917400000000015
C1186,122,2,120.76709999999999,1,2,1,4,À réactiver,Influenceur,1,-13.698900000000004
C1187,5,4,1556.7937,4,3,3,10,VIP,Influenceur,1,482.69969999999995
C1188,35,2,168.71699999999998,2,2,2,6,À réactiver,Influenceur,1,23.799000000000003
C1189,29,2,274.6212,3,2,2,7,Occasionnels,Instagram Ads,1,49.2632
C1191,62,2,739.1106,2,2,3,7,À réactiver,Google Ads,1,235.23260000000005
C1192,175,1,942.0333999999999,1,1,3,5,À réactiver,Instagram Ads,0,247.82539999999997
C1195,38,2,207.6384,2,2,2,6,À réactiver,Instagram Ads,1,13.924399999999991
C1197,93,2,92.1228,1,2,1,4,À réactiver,Google Ads,1,6.360800000000004
C1198,76,1,673.5552,2,1,3,6,À réactiver,Email,0,241.77320000000003
C1199,26,3,1200.3039,3,3,3,9,Fidèles,Email,1,407.83190000000013
C1200,6,2,1182.771,4,2,3,9,Fidèles,Instagram Ads,1,420.81499999999994
C1201,13,3,914.217,3,3,3,9,Fidèles,Instagram Ads,1,203.60699999999997
C1202,85,1,48.987,1,1,1,3,À réactiver,Instagram Ads,0,1.2490000000000006
C1203,27,4,293.73350000000005,3,3,2,8,Fidèles,Influenceur,1,28.53550000000002
C1204,17,3,1176.3665999999998,3,3,3,9,Fidèles,Email,1,329.4246
C1205,35,3,697.2753,2,3,3,8,Fidèles,Instagram Ads,1,102.51930000000002
C1206,33,2,514.8374,3,2,2,7,Occasionnels,Google Ads,1,132.93740000000003
C1207,25,2,1123.0463999999997,3,2,3,8,Fidèles,Google Ads,1,397.9803999999999
C1208,48,1,114.741,2,1,1,4,À réactiver,Influenceur,0,19.28099999999999
C1209,22,5,988.987,3,3,3,9,Fidèles,Instagram Ads,1,195.555
C1210,3,1,197.71200000000002,4,1,2,7,Occasionnels,Email,0,57.624000000000024
C1211,51,1,53.8916,2,1,1,4,À réactiver,Google Ads,0,1.9355999999999973
C1213,14,2,390.8604,3,2,2,7,Occasionnels,Instagram Ads,1,91.92840000000004
C1214,1,1,76.8531,4,1,1,6,Occasionnels,Google Ads,0,15.015099999999993
C1215,70,3,264.1564,2,3,2,7,Occasionnels,Email,1,23.300400000000025
C1216,58,1,184.2588,2,1,2,5,À réactiver,Google Ads,0,58.57680000000001
C1217,82,1,74.84400000000001,1,1,1,3,À réactiver,Google Ads,0,5.504000000000005
C1218,15,2,641.4656,3,2,3,8,Fidèles,Google Ads,1,203.02560000000005
C1219,49,2,178.8915,2,2,2,6,À réactiver,Instagram Ads,1,36.647499999999994
C1220,75,6,733.2510000000001,2,4,3,9,Fidèles,Email,1,174.00900000000001
C1221,15,4,1236.9787,3,3,3,9,Fidèles,Google Ads,1,422.5227000000001
C1223,181,1,44.7963,1,1,1,3,À réactiver,Instagram Ads,0,-5.737699999999997
C1224,39,2,482.5248,2,2,2,6,À réactiver,Google Ads,1,139.16680000000008
C1225,158,1,37.9566,1,1,1,3,À réactiver,Email,0,-4.699399999999999
C1226,8,3,253.36090000000002,4,3,2,9,Fidèles,Instagram Ads,1,32.448900000000016
C1228,31,2,269.5686,3,2,2,7,Occasionnels,Instagram Ads,1,42.18860000000002
C1229,59,2,1025.778,2,2,3,7,À réactiver,Influenceur,1,360.4719999999999
C1231,57,2,325.8133,2,2,2,6,À réactiver,Google Ads,1,105.7493
C1232,28,1,978.196,3,1,3,7,Occasionnels,Influenceur,0,336.25800000000004
C1234,29,2,113.6952,3,2,1,6,Occasionnels,Email,1,25.2592
C1236,83,3,452.076,1,3,2,6,Occasionnels,Email,1,114.78400000000002
C1237,63,4,445.34680000000003,2,3,2,7,Occasionnels,Instagram Ads,1,84.35880000000002
C1238,23,2,493.6634,3,2,2,7,Occasionnels,Google Ads,1,124.55940000000001
C1240,19,3,943.893,3,3,3,9,Fidèles,Instagram Ads,1,284.35300000000007
C1241,7,3,448.55369999999994,4,3,2,9,Fidèles,Email,1,151.5857
C1242,163,1,105.21119999999999,1,1,1,3,À réactiver,Influenceur,0,9.005200000000006
C1243,58,3,295.8896,2,3,2,7,Occasionnels,Google Ads,1,72.32759999999999
C1244,86,1,41.2984,1,1,1,3,À réactiver,Instagram Ads,0,0.5604000000000031
C1245,6,1,139.4088,4,1,1,6,Occasionnels,Instagram Ads,0,33.73480000000001
C1246,44,2,167.1408,2,2,2,6,À réactiver,Email,1,47.90879999999999
C1248,49,3,748.8246000000001,2,3,3,8,Fidèles,Instagram Ads,1,208.64660000000006
C1250,39,2,162.31019999999998,2,2,2,6,À réactiver,Influenceur,1,20.808200000000003
C1252,87,1,203.26460000000003,1,1,2,4,À réactiver,Instagram Ads,0,32.166600000000024
C1253,158,1,457.7178,1,1,2,4,À réactiver,Instagram Ads,0,120.42979999999999
C1255,135,2,665.4528,1,2,3,6,À réactiver,Email,1,93.77679999999997
C1257,79,1,428.994,1,1,2,4,À réactiver,Google Ads,0,131.04800000000006
C1258,38,1,54.181799999999996,2,1,1,4,À réactiver,Influenceur,0,6.4558
C1259,107,1,1284.2676,1,1,3,5,À réactiver,Google Ads,0,492.48359999999997
C1260,161,1,94.9716,1,1,1,3,À réactiver,Google Ads,0,24.089599999999997
C1261,25,3,849.617,3,3,3,9,Fidèles,Instagram Ads,1,230.54899999999998
C1263,26,5,1414.1949,3,3,3,9,Fidèles,Email,1,428.51290000000006
C1265,41,1,321.222,2,1,2,5,À réactiver,Google Ads,0,103.482
C1266,175,2,133.68689999999998,1,2,1,4,À réactiver,Email,1,30.020899999999997
C1267,136,1,384.3944,1,1,2,4,À réactiver,Google Ads,0,122.85240000000005
C1268,53,1,51.8148,2,1,1,4,À réactiver,Influenceur,0,-1.827199999999996
C1270,116,4,678.8254,1,3,3,7,Occasionnels,Instagram Ads,1,136.4374
C1273,51,2,53.846999999999994,2,2,1,5,À réactiver,Google Ads,1,-5.435000000000002
C1274,35,2,459.56239999999997,2,2,2,6,À réactiver,Instagram Ads,1,69.3024
C1275,94,3,333.0684,1,3,2,6,Occasionnels,Instagram Ads,1,54.81040000000001
C1276,75,2,56.5542,2,2,1,5,À réactiver,Instagram Ads,1,-11.2058
C1277,57,1,312.62519999999995,2,1,2,5,À réactiver,Instagram Ads,0,93.65719999999997
C1278,58,1,25.298499999999997,2,1,1,4,À réactiver,Email,0,4.120499999999999
C1279,40,1,75.51599999999999,2,1,1,4,À réactiver,Email,0,16.62599999999999
C1280,161,2,354.8164999999999,1,2,2,5,À réactiver,Influenceur,1,106.87249999999997
C1281,30,2,126.1908,3,2,1,6,Occasionnels,Email,1,3.968799999999998
C1282,74,1,308.7873,2,1,2,5,À réactiver,Instagram Ads,0,60.555300000000024
C1283,135,1,150.0786,1,1,1,3,À réactiver,Instagram Ads,0,32.11260000000001
C1284,29,4,1469.4965,3,3,3,9,Fidèles,Instagram Ads,1,403.56449999999995
C1285,39,1,496.8,2,1,2,5,À réactiver,Email,0,160.26000000000002
C1287,151,1,962.9126999999999,1,1,3,5,À réactiver,Instagram Ads,0,323.04869999999994
C1288,173,1,1140.9564,1,1,3,5,À réactiver,Instagram Ads,0,382.7644000000001
C1289,97,1,997.0242000000001,1,1,3,5,À réactiver,Email,0,372.86820000000006
C1290,21,3,1922.3135,3,3,4,10,VIP,Instagram Ads,1,702.7975
C1291,9,3,350.7284,4,3,2,9,Fidèles,Influenceur,1,85.77440000000003
C1292,27,1,960.141,3,1,3,7,Occasionnels,Google Ads,0,316.62100000000004
C1295,23,2,487.9152,3,2,2,7,Occasionnels,Email,1,158.95919999999998
C1296,28,4,334.3746,3,3,2,8,Fidèles,Google Ads,1,49.76060000000001
C1298,8,2,296.4121,4,2,2,8,Fidèles,Instagram Ads,1,78.14410000000001
C1300,126,1,39.815999999999995,1,1,1,3,À réactiver,Google Ads,0,-3.1640000000000015
C1301,128,1,109.05680000000001,1,1,1,3,À réactiver,Email,0,32.34280000000001
C1302,112,2,2065.9269999999997,1,2,4,7,À réactiver,Google Ads,1,719.0409999999999
C1303,13,3,1557.1016,3,3,3,9,Fidèles,Instagram Ads,1,535.0596
C1305,20,2,342.0418,3,2,2,7,Occasionnels,Google Ads,1,97.19980000000001
C1306,114,1,49.0116,1,1,1,3,À réactiver,Google Ads,0,2.3376000000000055
C1307,134,1,37.5492,1,1,1,3,À réactiver,Influenceur,0,0.9251999999999985
C1308,37,5,271.5129,2,3,2,7,Occasionnels,Influenceur,1,8.124900000000011
C1310,31,3,122.13419999999999,3,3,1,7,Occasionnels,Google Ads,1,4.122199999999995
C1311,18,4,1158.3121999999998,3,3,3,9,Fidèles,Google Ads,1,354.0422
C1312,48,1,179.37079999999997,2,1,2,5,À réactiver,Email,0,59.378799999999984
C1313,8,3,129.2091,4,3,1,8,Fidèles,Instagram Ads,1,-21.780899999999992
C1316,5,2,161.02579999999998,4,2,2,8,Fidèles,Google Ads,1,41.06779999999998
C1318,118,1,60.507000000000005,1,1,1,3,À réactiver,Google Ads,0,8.489000000000004
C1319,155,1,1054.0213999999999,1,1,3,5,À réactiver,Email,0,392.5494
C1320,12,3,234.8473,4,3,2,9,Fidèles,Google Ads,1,13.243300000000005
C1321,99,2,96.8962,1,2,1,4,À réactiver,Instagram Ads,1,2.7162000000000006
C1323,58,4,1849.4524999999999,2,3,3,8,Fidèles,Google Ads,1,522.2905000000001
C1324,171,1,32.411199999999994,1,1,1,3,À réactiver,Google Ads,0,-3.436800000000005
C1325,176,2,143.2944,1,2,1,4,À réactiver,Email,1,33.9744
C1326,16,2,57.9456,3,2,1,6,Occasionnels,Instagram Ads,1,-1.942400000000001
C1327,8,1,30.142999999999997,4,1,1,6,Occasionnels,Google Ads,0,-5.2669999999999995
C1329,164,1,832.8320000000001,1,1,3,5,À réactiver,Email,0,273.5020000000001
C1330,110,3,158.52759999999998,1,3,2,6,Occasionnels,Email,1,8.011600000000003
C1331,115,1,15.855599999999999,1,1,1,3,À réactiver,Google Ads,0,-13.096399999999997
C1332,14,4,1894.2051,3,3,3,9,Fidèles,Instagram Ads,1,449.0991
C1334,48,3,429.4636,2,3,2,7,Occasionnels,Instagram Ads,1,84.37159999999999
C1335,15,4,546.9898999999999,3,3,2,8,Fidèles,Instagram Ads,1,124.61189999999999
C1336,26,3,655.8243,3,3,3,9,Fidèles,Instagram Ads,1,132.73830000000007
C1337,46,1,836.9196,2,1,3,6,À réactiver,Google Ads,0,291.4556
C1338,76,1,368.49539999999996,2,1,2,5,À réactiver,Google Ads,0,107.86140000000002
C1339,31,2,182.8939,3,2,2,7,Occasionnels,Google Ads,1,21.70190000000002
C1340,149,1,66.48299999999999,1,1,1,3,À réactiver,Instagram Ads,0,-2.167000000000005
C1341,145,2,226.6914,1,2,2,5,À réactiver,Google Ads,1,4.3513999999999875
C1342,105,2,270.2859,1,2,2,5,À réactiver,Instagram Ads,1,37.905900000000024
C1343,131,1,116.698,1,1,1,3,À réactiver,Instagram Ads,0,20.347999999999992
C1345,46,1,218.74050000000003,2,1,2,5,À réactiver,Email,0,80.19050000000003
C1346,27,1,868.4352000000001,3,1,3,7,Occasionnels,Email,0,319.54320000000007
C1347,7,3,823.7160000000001,4,3,3,10,VIP,Influenceur,1,231.43400000000008
C1348,38,3,252.6415,2,3,2,7,Occasionnels,Influenceur,1,35.695499999999996
C1349,69,2,78.4145,2,2,1,5,À réactiver,Instagram Ads,1,-5.005499999999996
C1350,27,7,1378.6494,3,4,3,10,VIP,Influenceur,1,295.7394
C1352,49,3,1546.2062999999998,2,3,3,8,Fidèles,Influenceur,1,502.6383000000001
C1353,22,2,1159.1853,3,2,3,8,Fidèles,Google Ads,1,369.67530000000005
C1354,58,1,117.31259999999999,2,1,1,4,À réactiver,Influenceur,0,17.726599999999998
C1356,114,1,132.6087,1,1,1,3,À réactiver,Instagram Ads,0,33.524699999999996
C1357,85,2,135.7944,1,2,1,4,À réactiver,Influenceur,1,13.180399999999988
C1359,121,1,151.6482,1,1,1,3,À réactiver,Instagram Ads,0,13.390200000000004
C1360,17,2,200.23839999999998,3,2,2,7,Occasionnels,Instagram Ads,1,44.99239999999998
C1361,9,1,6.3732,4,1,1,6,Occasionnels,Email,0,-4.8648
C1365,27,3,291.85920000000004,3,3,2,8,Fidèles,Instagram Ads,1,34.363200000000035
C1366,4,1,110.397,4,1,1,6,Occasionnels,Email,0,38.697
C1367,6,1,308.1672,4,1,2,7,Occasionnels,Instagram Ads,0,88.79319999999997
C1368,122,1,1233.8064,1,1,3,5,À réactiver,Influenceur,0,428.86039999999997
C1370,57,3,305.8007,2,3,2,7,Occasionnels,Influenceur,1,56.0007
C1371,8,1,122.886,4,1,1,6,Occasionnels,Instagram Ads,0,22.912000000000006
C1372,60,2,253.7828,2,2,2,6,À réactiver,Instagram Ads,1,38.6888
C1373,7,2,106.03139999999999,4,2,1,7,Occasionnels,Instagram Ads,1,-19.112599999999997
C1374,176,1,123.07149999999999,1,1,1,3,À réactiver,Instagram Ads,0,17.03749999999999
C1375,80,2,75.51320000000001,1,2,1,4,À réactiver,Google Ads,1,-15.384799999999993
C1376,64,3,319.618,2,3,2,7,Occasionnels,Influenceur,1,79.14
C1378,48,1,23.9888,2,1,1,4,À réactiver,Instagram Ads,0,-11.897200000000002
C1379,83,2,1374.9060000000002,1,2,3,6,À réactiver,Instagram Ads,1,463.30600000000004
C1380,3,1,26.3718,4,1,1,6,Occasionnels,Instagram Ads,0,-8.896199999999997
C1381,70,2,145.65019999999998,2,2,1,5,À réactiver,Influenceur,1,14.216199999999997
C1382,65,3,167.05509999999998,2,3,2,7,Occasionnels,Influenceur,1,3.2830999999999975
C1383,8,2,81.0504,4,2,1,7,Occasionnels,Influenceur,1,2.906399999999996
C1385,92,1,31.0452,1,1,1,3,À réactiver,Instagram Ads,0,-12.450799999999997
C1386,53,2,90.86190000000002,2,2,1,5,À réactiver,Instagram Ads,1,-4.794099999999986
C1387,45,3,667.3896,2,3,3,8,Fidèles,Instagram Ads,1,184.71359999999999
C1388,82,3,2055.8941,1,3,4,8,Fidèles,Influenceur,1,530.7561000000001
C1390,10,4,1293.2180999999998,4,3,3,10,VIP,Google Ads,1,397.12409999999994
C1391,53,3,292.2549,2,3,2,7,Occasionnels,Influenceur,1,9.99890000000001
C1392,62,2,460.04849999999993,2,2,2,6,À réactiver,Instagram Ads,1,148.63849999999996
C1393,131,2,465.9618,1,2,2,5,À réactiver,Influenceur,1,144.9078
C1394,6,4,123.21289999999999,4,3,1,8,Fidèles,Google Ads,1,-2.0891000000000055
C1396,21,2,1700.2914,3,2,3,8,Fidèles,Email,1,573.1034000000002
C1397,85,2,1904.8152,1,2,3,6,À réactiver,Instagram Ads,1,469.6752
C1398,100,5,2364.2424,1,3,4,8,Fidèles,Google Ads,1,785.5484000000001
C1399,26,2,156.21779999999998,3,2,1,6,Occasionnels,Instagram Ads,1,27.165799999999997
C1400,37,2,293.19949999999994,2,2,2,6,À réactiver,Google Ads,1,88.5195
C1401,39,3,427.66929999999996,2,3,2,7,Occasionnels,Google Ads,1,118.52329999999995
C1402,44,1,330.2523,2,1,2,5,À réactiver,Instagram Ads,0,106.50629999999998
C1403,140,2,132.6416,1,2,1,4,À réactiver,Influenceur,1,19.785600000000013
C1406,104,3,142.54919999999998,1,3,1,5,Occasionnels,Google Ads,1,-12.862800000000005
C1407,96,3,306.1497,1,3,2,6,Occasionnels,Instagram Ads,1,69.2237
C1408,88,2,1216.2378999999999,1,2,3,6,À réactiver,Instagram Ads,1,433.7179
C1409,143,1,58.074799999999996,1,1,1,3,À réactiver,Email,0,13.198799999999999
C1410,28,2,1014.5465999999999,3,2,3,8,Fidèles,Email,1,333.8546
C1411,77,4,485.64099999999996,2,3,2,7,Occasionnels,Google Ads,1,106.62499999999997
C1412,44,3,418.9671,2,3,2,7,Occasionnels,Google Ads,1,91.66910000000001
C1413,57,2,741.9803999999999,2,2,3,7,À réactiver,Google Ads,1,239.85439999999994
C1415,128,2,155.91979999999998,1,2,1,4,À réactiver,Instagram Ads,1,33.45779999999999
C1416,17,1,270.98879999999997,3,1,2,6,Occasionnels,Email,0,95.9708
C1417,9,1,276.045,4,1,2,7,Occasionnels,Instagram Ads,0,47.52500000000002
C1418,136,2,174.546,1,2,2,5,À réactiver,Google Ads,1,-0.5639999999999947
C1419,10,2,485.9426,4,2,2,8,Fidèles,Email,1,172.09060000000002
C1420,3,4,2044.101,4,3,4,11,VIP,Google Ads,1,625.5590000000002
C1421,78,1,7.904999999999999,2,1,1,4,À réactiver,Google Ads,0,-8.165
C1422,53,3,1164.5628,2,3,3,8,Fidèles,Instagram Ads,1,371.50879999999995
C1423,102,2,160.7672,1,2,2,5,À réactiver,Google Ads,1,22.799199999999992
C1424,108,1,266.0892,1,1,2,4,À réactiver,Instagram Ads,0,37.061200000000014
C1425,35,3,559.4117,2,3,2,7,Occasionnels,Instagram Ads,1,156.8737
C1426,13,4,258.0529,3,3,2,8,Fidèles,Google Ads,1,21.290900000000008
C1427,7,1,100.62719999999999,4,1,1,6,Occasionnels,Google Ads,0,23.945199999999993
C1428,35,5,1592.3001000000002,2,3,3,8,Fidèles,Influenceur,1,418.6161000000001
C1430,53,2,477.55,2,2,2,6,À réactiver,Email,1,135.68800000000005
C1431,21,1,95.2317,3,1,1,5,Occasionnels,Instagram Ads,0,9.859700000000016
C1432,48,1,142.5708,2,1,1,4,À réactiver,Instagram Ads,0,26.282799999999988
C1433,9,2,376.861,4,2,2,8,Fidèles,Google Ads,1,115.805
C1435,30,3,430.565,3,3,2,8,Fidèles,Google Ads,1,44.18299999999999
C1436,40,3,423.49850000000004,2,3,2,7,Occasionnels,Instagram Ads,1,109.14650000000002
C1437,59,2,50.6305,2,2,1,5,À réactiver,Email,1,1.1585
C1440,42,3,419.2319,2,3,2,7,Occasionnels,Influenceur,1,113.4459
C1441,48,3,440.5168,2,3,2,7,Occasionnels,Influenceur,1,93.5988
C1442,51,2,1309.4562,2,2,3,7,À réactiver,Email,1,448.5302000000001
C1444,6,1,38.976,4,1,1,6,Occasionnels,Email,0,8.026
C1445,137,1,74.6784,1,1,1,3,À réactiver,Google Ads,0,19.074400000000004
C1446,29,7,2847.9114000000004,3,4,4,11,VIP,Instagram Ads,1,941.4154000000001
C1447,4,2,48.439800000000005,4,2,1,7,Occasionnels,Instagram Ads,1,-20.442199999999996
C1448,21,2,450.9323999999999,3,2,2,7,Occasionnels,Google Ads,1,110.00439999999998
C1450,37,2,358.20939999999996,2,2,2,6,À réactiver,Instagram Ads,1,80.6234
C1451,108,3,719.8584,1,3,3,7,Occasionnels,Influenceur,1,79.68440000000001
C1452,53,2,264.96700000000004,2,2,2,6,À réactiver,Instagram Ads,1,31.789000000000016
C1453,43,2,428.93420000000003,2,2,2,6,À réactiver,Influenceur,1,114.18620000000001
C1454,41,1,1128.218,2,1,3,6,À réactiver,Instagram Ads,0,367.7480000000001
C1455,22,2,679.6818,3,2,3,8,Fidèles,Email,1,207.17579999999995
C1456,40,2,95.4222,2,2,1,5,À réactiver,Influenceur,1,12.332199999999995
C1457,53,2,499.0375,2,2,2,6,À réactiver,Influenceur,1,147.5095
C1458,89,1,623.1824,1,1,3,5,À réactiver,Email,0,218.6664
C1459,26,1,86.9116,3,1,1,5,Occasionnels,Instagram Ads,0,5.615600000000011
C1462,74,1,49.2128,2,1,1,4,À réactiver,Google Ads,0,1.3148000000000017
C1463,6,2,1030.6584,4,2,3,9,Fidèles,Email,1,335.05039999999997
C1465,52,2,43.095,2,2,1,5,À réactiver,Instagram Ads,1,-29.461000000000002
C1466,173,1,277.459,1,1,2,4,À réactiver,Email,0,86.97900000000003
C1467,145,1,32.043499999999995,1,1,1,3,À réactiver,Google Ads,0,2.7254999999999985
C1468,59,1,219.44760000000002,2,1,2,5,À réactiver,Instagram Ads,0,60.6196
C1469,9,1,31.0816,4,1,1,6,Occasionnels,Instagram Ads,0,-5.810399999999998
C1470,23,1,24.088399999999996,3,1,1,5,Occasionnels,Google Ads,0,-3.7596000000000025
C1471,13,1,30.4304,3,1,1,5,Occasionnels,Instagram Ads,0,-4.323599999999999
C1472,10,2,611.8808000000001,4,2,3,9,Fidèles,Instagram Ads,1,128.7768000000001
C1474,100,2,777.5889,1,2,3,6,À réactiver,Influenceur,1,253.3769
C1476,64,2,1217.6763,2,2,3,7,À réactiver,Google Ads,1,422.7783
C1477,103,2,142.0578,1,2,1,4,À réactiver,Influenceur,1,14.183800000000009
C1478,25,1,350.724,3,1,2,6,Occasionnels,Instagram Ads,0,97.33400000000002
C1479,48,3,963.4265,2,3,3,8,Fidèles,Email,1,296.6785
C1480,96,2,990.9090000000001,1,2,3,6,À réactiver,Google Ads,1,225.419
C1481,129,1,53.8476,1,1,1,3,À réactiver,Google Ads,0,6.919599999999997
C1483,147,1,370.818,1,1,2,4,À réactiver,Instagram Ads,0,105.89599999999999
C1484,111,1,173.313,1,1,2,4,À réactiver,Influenceur,0,33.401
C1485,54,5,1221.1509999999998,2,3,3,8,Fidèles,Email,1,347.047
C1486,140,1,104.25869999999999,1,1,1,3,À réactiver,Email,0,25.8067
C1487,54,1,85.88719999999999,2,1,1,4,À réactiver,Influenceur,0,6.473199999999995
C1488,50,2,686.4522999999999,2,2,3,7,À réactiver,Google Ads,1,232.12829999999994
C1489,11,4,918.5006999999999,4,3,3,10,VIP,Influenceur,1,269.85869999999994
C1490,12,1,76.6296,4,1,1,6,Occasionnels,Instagram Ads,0,8.701599999999997
C1491,3,3,1369.3175999999999,4,3,3,10,VIP,Instagram Ads,1,457.07360000000006
C1493,123,1,313.9045,1,1,2,4,À réactiver,Influenceur,0,93.95449999999998
C1494,43,1,27.642000000000003,2,1,1,4,À réactiver,Instagram Ads,0,-7.4999999999999964
C1495,2,2,1097.2014,4,2,3,9,Fidèles,Instagram Ads,1,316.13939999999997
C1496,76,2,140.1902,2,2,1,5,À réactiver,Influenceur,1,17.2802
C1497,121,1,28.072499999999998,1,1,1,3,À réactiver,Influenceur,0,-10.717500000000005
C1498,96,1,137.29379999999998,1,1,1,3,À réactiver,Google Ads,0,41.329799999999985
C1500,56,3,430.88370000000003,2,3,2,7,Occasionnels,Google Ads,1,93.92970000000003
C1501,49,1,681.9582,2,1,3,6,À réactiver,Instagram Ads,0,192.01220000000006
C1503,12,3,1662.2133999999999,4,3,3,10,VIP,Influenceur,1,577.7654
C1504,4,5,735.2881000000001,4,3,3,10,VIP,Instagram Ads,1,173.9101000000001
C1505,37,3,1741.2615,2,3,3,8,Fidèles,Instagram Ads,1,547.0515
C1506,171,1,997.6514999999999,1,1,3,5,À réactiver,Instagram Ads,0,223.57150000000001
C1507,70,2,174.93009999999998,2,2,2,6,À réactiver,Instagram Ads,1,15.254100000000001
C1508,47,1,51.2622,2,1,1,4,À réactiver,Email,0,14.644200000000001
C1510,41,4,538.8462,2,3,2,7,Occasionnels,Email,1,135.2782
C1511,6,4,1726.5472,4,3,3,10,VIP,Instagram Ads,1,572.3212
C1512,118,3,445.7864,1,3,2,6,Occasionnels,Google Ads,1,139.78840000000002
C1513,5,4,1451.0012,4,3,3,10,VIP,Instagram Ads,1,436.8292
C1514,32,4,517.0941,3,3,2,8,Fidèles,Instagram Ads,1,99.9601
C1516,27,1,94.4424,3,1,1,5,Occasionnels,Instagram Ads,0,0.40440000000000964
C1517,132,1,1326.5054999999998,1,1,3,5,À réactiver,Email,0,466.7154999999998
C1518,6,2,140.5375,4,2,1,7,Occasionnels,Google Ads,1,28.657500000000006
C1519,106,2,330.6327,1,2,2,5,À réactiver,Instagram Ads,1,87.66270000000002
C1520,15,5,1475.8953999999999,3,4,3,10,VIP,Email,1,481.6114
C1522,3,2,1159.008,4,2,3,9,Fidèles,Influenceur,1,403.36799999999994
C1523,73,2,68.613,2,2,1,5,À réactiver,Email,1,-5.526999999999994
C1524,33,4,1498.616,3,3,3,9,Fidèles,Email,1,420.96400000000006
C1525,24,2,65.97059999999999,3,2,1,6,Occasionnels,Email,1,4.174599999999998
C1526,179,1,21.8595,1,1,1,3,À réactiver,Email,0,2.5734999999999992
C1527,137,2,898.7076000000001,1,2,3,6,À réactiver,Instagram Ads,1,148.7416000000001
C1529,121,4,765.1845000000001,1,3,3,7,Occasionnels,Influenceur,1,146.6345
C1530,26,2,388.16450000000003,3,2,2,7,Occasionnels,Influenceur,1,83.56850000000003
C1531,29,2,658.4706,3,2,3,8,Fidèles,Email,1,222.54460000000006
C1532,30,2,1378.347,3,2,3,8,Fidèles,Email,1,466.6950000000001
C1533,131,1,74.9412,1,1,1,3,À réactiver,Email,0,12.139200000000002
C1534,136,2,636.5744,1,2,3,6,À réactiver,Google Ads,1,203.36440000000002
C1535,129,3,1102.7604000000001,1,3,3,7,Occasionnels,Instagram Ads,1,311.6604000000001
C1536,183,1,26.388399999999997,1,1,1,3,À réactiver,Instagram Ads,0,-18.1276
C1538,132,1,822.9888,1,1,3,5,À réactiver,Google Ads,0,284.81679999999994
C1539,14,4,3058.9675,3,3,4,10,VIP,Instagram Ads,1,1084.6995000000002
C1540,26,3,953.3692000000001,3,3,3,9,Fidèles,Google Ads,1,331.95720000000006
C1541,97,2,197.0688,1,2,2,5,À réactiver,Email,1,42.916799999999995
C1542,69,4,1241.6126,2,3,3,8,Fidèles,Email,1,376.3225999999999
C1543,77,2,730.9544999999999,2,2,3,7,À réactiver,Google Ads,1,250.8585
C1544,47,1,18.954,2,1,1,4,À réactiver,Google Ads,0,-2.161999999999999
C1545,111,1,420.5656,1,1,2,4,À réactiver,Email,0,136.29960000000003
C1546,11,2,938.6424000000001,4,2,3,9,Fidèles,Instagram Ads,1,283.5364000000001
C1547,20,2,91.9723,3,2,1,6,Occasionnels,Influenceur,1,-6.2357
C1548,22,5,750.5296000000001,3,4,3,10,VIP,Influenceur,1,208.37760000000006
C1549,9,2,585.5988,4,2,2,8,Fidèles,Instagram Ads,1,111.88479999999996
C1550,22,5,480.1006,3,4,2,9,Fidèles,Email,1,67.73860000000006
C1551,34,5,915.3167,3,4,3,10,VIP,Instagram Ads,1,131.4947
C1554,29,2,1715.7449999999997,3,2,3,8,Fidèles,Influenceur,1,606.3349999999999
C1555,24,5,1093.0891,3,4,3,10,VIP,Instagram Ads,1,314.10110000000003
C1556,140,1,226.43280000000001,1,1,2,4,À réactiver,Instagram Ads,0,59.94680000000002
C1557,60,1,7.392,2,1,1,4,À réactiver,Instagram Ads,0,-15.757999999999997
C1558,24,3,561.499,3,3,2,8,Fidèles,Email,1,123.68500000000003
C1559,7,3,122.6212,4,3,1,8,Fidèles,Instagram Ads,1,1.8672000000000057
C1560,9,5,2062.581,4,4,4,12,VIP,Instagram Ads,1,663.253
C1562,49,3,649.8039,2,3,3,8,Fidèles,Google Ads,1,184.8539
C1566,100,1,16.6842,1,1,1,3,À réactiver,Google Ads,0,-3.8798000000000012
C1567,28,3,191.01850000000002,3,3,2,8,Fidèles,Instagram Ads,1,-7.511499999999996
C1569,34,2,534.2864,3,2,2,7,Occasionnels,Instagram Ads,1,183.73439999999997
C1570,1,3,1913.0042999999998,4,3,4,11,VIP,Instagram Ads,1,423.5943
C1571,57,2,433.0974,2,2,2,6,À réactiver,Instagram Ads,1,95.7954
C1573,81,2,85.9218,1,2,1,4,À réactiver,Email,1,-6.440199999999997
C1574,65,2,220.38490000000002,2,2,2,6,À réactiver,Influenceur,1,30.60690000000003
C1575,166,1,278.8604,1,1,2,4,À réactiver,Instagram Ads,0,79.13640000000002
C1576,32,1,148.94299999999998,3,1,1,5,Occasionnels,Email,0,45.98299999999999
C1577,140,1,25.6578,1,1,1,3,À réactiver,Influenceur,0,-14.626199999999997
C1578,53,2,488.185,2,2,2,6,À réactiver,Instagram Ads,1,140.285
C1579,112,1,53.168600000000005,1,1,1,3,À réactiver,Instagram Ads,0,-5.075399999999995
C1582,11,4,2502.1615,4,3,4,11,VIP,Instagram Ads,1,771.4635000000001
C1583,144,3,151.506,1,3,1,5,Occasionnels,Instagram Ads,1,8.464000000000006
C1584,172,1,152.2803,1,1,1,3,À réactiver,Email,0,54.64630000000001
C1586,38,1,335.38050000000004,2,1,2,5,À réactiver,Influenceur,0,103.22050000000004
C1587,37,1,1230.5445,2,1,3,6,À réactiver,Email,0,449.85850000000005
C1588,124,2,1350.7730000000001,1,2,3,6,À réactiver,Influenceur,1,457.23300000000006
C1589,101,4,607.5171,1,3,3,7,Occasionnels,Google Ads,1,152.31109999999998
C1590,105,2,436.19149999999996,1,2,2,5,À réactiver,Instagram Ads,1,95.88550000000001
C1593,115,2,120.9164,1,2,1,4,À réactiver,Instagram Ads,1,11.134399999999996
C1595,36,2,1674.1865,2,2,3,7,À réactiver,Instagram Ads,1,358.61650000000003
C1596,35,2,863.1388,2,2,3,7,À réactiver,Google Ads,1,293.4007999999999
C1597,32,2,503.5674,3,2,2,7,Occasionnels,Instagram Ads,1,149.75140000000002
C1598,161,2,151.69330000000002,1,2,1,4,À réactiver,Google Ads,1,20.50930000000001
C1599,76,2,496.082,2,2,2,6,À réactiver,Instagram Ads,1,124.72800000000004
C1600,69,4,1061.8989,2,3,3,8,Fidèles,Email,1,280.8629
C1601,13,2,569.0681999999999,3,2,2,7,Occasionnels,Email,1,194.65220000000002
C1602,16,1,61.88159999999999,3,1,1,5,Occasionnels,Email,0,12.049599999999998
C1604,75,1,120.28080000000001,2,1,1,4,À réactiver,Google Ads,0,32.19680000000001
C1606,154,1,489.294,1,1,2,4,À réactiver,Instagram Ads,0,146.358
C1607,1,5,1043.8609999999999,4,4,3,11,VIP,Google Ads,1,229.415
C1609,11,2,206.5301,4,2,2,8,Fidèles,Email,1,24.92610000000002
C1610,25,2,394.38840000000005,3,2,2,7,Occasionnels,Influenceur,1,95.30040000000002
C1611,39,1,527.1881999999999,2,1,2,5,À réactiver,Instagram Ads,0,92.58219999999994
C1612,29,1,31.23,3,1,1,5,Occasionnels,Email,0,-3.003999999999998
C1613,17,4,1437.0203000000001,3,3,3,9,Fidèles,Google Ads,1,435.0923
C1614,8,1,542.2664,4,1,2,7,Occasionnels,Google Ads,0,177.2944
C1615,30,3,327.78450000000004,3,3,2,8,Fidèles,Instagram Ads,1,48.04650000000002
C1616,109,2,1041.72,1,2,3,6,À réactiver,Google Ads,1,315.3280000000001
C1617,10,3,516.7735,4,3,2,9,Fidèles,Instagram Ads,1,155.4155
C1618,2,4,1457.8528999999999,4,3,3,10,VIP,Influenceur,1,443.50890000000004
C1619,78,4,1094.9758000000002,2,3,3,8,Fidèles,Email,1,328.1398000000001
C1620,23,2,91.2216,3,2,1,6,Occasionnels,Instagram Ads,1,-14.020399999999993
C1621,173,1,1223.5158,1,1,3,5,À réactiver,Instagram Ads,0,361.89179999999993
C1622,44,2,861.2773,2,2,3,7,À réactiver,Instagram Ads,1,201.14529999999996
C1626,86,4,1350.4853999999998,1,3,3,7,Occasionnels,Instagram Ads,1,410.41139999999996
C1627,178,1,68.54400000000001,1,1,1,3,À réactiver,Instagram Ads,0,0.9760000000000097
C1628,61,1,159.29359999999997,2,1,2,5,À réactiver,Instagram Ads,0,27.561599999999984
C1629,81,3,497.333,1,3,2,6,Occasionnels,Google Ads,1,120.18700000000004
C1630,122,1,74.814,1,1,1,3,À réactiver,Instagram Ads,0,-9.166000000000004
C1631,68,1,26.6822,2,1,1,4,À réactiver,Instagram Ads,0,-4.535799999999998
C1632,133,1,938.7233999999999,1,1,3,5,À réactiver,Instagram Ads,0,323.13539999999995
C1634,130,1,820.5246,1,1,3,5,À réactiver,Email,0,314.1426
C1635,175,1,159.138,1,1,2,4,À réactiver,Instagram Ads,0,40.906000000000006
C1636,114,2,1316.12,1,2,3,6,À réactiver,Google Ads,1,437.88999999999976
C1637,40,2,117.4362,2,2,1,5,À réactiver,Instagram Ads,1,16.5822
C1638,31,3,390.56850000000003,3,3,2,8,Fidèles,Instagram Ads,1,61.13850000000003
C1639,38,4,612.8174,2,3,3,8,Fidèles,Instagram Ads,1,101.59940000000003
C1641,153,2,371.90700000000004,1,2,2,5,À réactiver,Influenceur,1,95.85900000000002
C1642,78,3,346.27380000000005,2,3,2,7,Occasionnels,Instagram Ads,1,68.92580000000002
C1643,6,3,791.854,4,3,3,10,VIP,Influenceur,1,258.422
C1644,1,3,2113.0022,4,3,4,11,VIP,Google Ads,1,709.2742000000001
C1645,56,1,97.2,2,1,1,4,À réactiver,Google Ads,0,26.400000000000006
C1646,31,1,112.6872,3,1,1,5,Occasionnels,Instagram Ads,0,12.87520000000001
C1647,21,4,1045.2024,3,3,3,9,Fidèles,Influenceur,1,283.54639999999995
C1648,2,1,44.63100000000001,4,1,1,6,Occasionnels,Google Ads,0,5.287000000000006
C1649,163,1,21.572999999999997,1,1,1,3,À réactiver,Instagram Ads,0,-17.105000000000004
C1650,128,1,76.29820000000001,1,1,1,3,À réactiver,Influenceur,0,-3.439799999999984
C1651,112,3,2111.0150000000003,1,3,4,8,Fidèles,Email,1,730.8210000000001
C1653,29,2,570.3444000000001,3,2,2,7,Occasionnels,Influenceur,1,193.0024000000001
C1654,2,1,494.7124,4,1,2,7,Occasionnels,Email,0,159.12840000000003
C1655,112,1,158.23949999999996,1,1,1,3,À réactiver,Instagram Ads,0,27.179499999999976
C1656,18,2,116.4588,3,2,1,6,Occasionnels,Email,1,18.330800000000004
C1657,17,1,411.2563,3,1,2,6,Occasionnels,Influenceur,0,129.7283
C1658,63,1,292.6638,2,1,2,5,À réactiver,Instagram Ads,0,48.84780000000001
C1659,20,3,2331.5517999999997,3,3,4,10,VIP,Influenceur,1,837.8157999999999
C1660,119,2,212.84159999999997,1,2,2,5,À réactiver,Email,1,52.8076
C1661,177,1,30.9372,1,1,1,3,À réactiver,Instagram Ads,0,-9.108800000000002
C1662,104,2,1887.1944000000003,1,2,3,6,À réactiver,Google Ads,1,613.8244000000002
C1663,11,4,839.004,4,3,3,10,VIP,Email,1,248.84600000000006
C1664,55,2,527.6847,2,2,2,6,À réactiver,Google Ads,1,111.58470000000001
C1665,21,2,151.8333,3,2,1,6,Occasionnels,Instagram Ads,1,27.671299999999995
C1666,168,1,17.991,1,1,1,3,À réactiver,Email,0,2.0370000000000017
C1667,13,4,2475.6904999999997,3,3,4,10,VIP,Email,1,711.4024999999999
C1670,149,1,100.2108,1,1,1,3,À réactiver,Google Ads,0,2.7987999999999964
C1671,3,2,203.7521,4,2,2,8,Fidèles,Google Ads,1,44.62610000000001
C1672,4,5,1107.5405,4,4,3,11,VIP,Google Ads,1,340.7445
C1673,19,4,1647.9335999999998,3,3,3,9,Fidèles,Instagram Ads,1,523.9255999999999
C1675,61,2,1193.9576,2,2,3,7,À réactiver,Email,1,427.91759999999994
C1676,23,3,2311.2122000000004,3,3,4,10,VIP,Instagram Ads,1,737.1822000000001
C1677,25,2,367.2968,3,2,2,7,Occasionnels,Google Ads,1,98.36880000000004
C1678,88,1,604.926,1,1,3,5,À réactiver,Google Ads,0,187.12200000000004
C1679,76,1,53.395199999999996,2,1,1,4,À réactiver,Influenceur,0,11.763199999999996
C1680,86,4,1955.8,1,3,4,8,Fidèles,Instagram Ads,1,632.9159999999999
C1682,71,1,48.3006,2,1,1,4,À réactiver,Email,0,1.916600000000006
C1683,165,1,157.5816,1,1,1,3,À réactiver,Email,0,50.747600000000006
C1684,74,2,230.6511,2,2,2,6,À réactiver,Google Ads,1,29.405100000000022
C1685,43,1,24.7425,2,1,1,4,À réactiver,Instagram Ads,0,-15.9115
C1686,74,5,1977.9962,2,4,4,10,VIP,Email,1,662.3282
C1687,9,2,841.2792999999999,4,2,3,9,Fidèles,Influenceur,1,274.7893
C1688,116,3,753.808,1,3,3,7,Occasionnels,Email,1,214.89799999999997
C1690,23,1,74.25,3,1,1,5,Occasionnels,Influenceur,0,-6.829999999999998
C1693,102,2,1842.7395000000001,1,2,3,6,À réactiver,Instagram Ads,1,634.9615
C1696,27,2,223.6187,3,2,2,7,Occasionnels,Instagram Ads,1,26.6947
C1697,17,1,165.71519999999998,3,1,2,6,Occasionnels,Instagram Ads,0,35.62719999999999
C1699,154,2,196.2094,1,2,2,5,À réactiver,Instagram Ads,1,44.727399999999996
C1700,56,2,376.2516,2,2,2,6,À réactiver,Email,1,75.65360000000005
C1702,131,2,708.9390999999999,1,2,3,6,À réactiver,Influenceur,1,233.97309999999996
C1703,151,1,655.96,1,1,3,5,À réactiver,Google Ads,0,246.864
C1704,19,5,2340.8736,3,4,4,11,VIP,Influenceur,1,564.7296
C1705,31,1,323.9358,3,1,2,6,Occasionnels,Instagram Ads,0,85.51180000000001
C1706,46,2,83.5938,2,2,1,5,À réactiver,Instagram Ads,1,-1.7521999999999949
C1707,11,2,265.0647,4,2,2,8,Fidèles,Email,1,77.32869999999997
C1708,105,2,659.6660999999999,1,2,3,6,À réactiver,Google Ads,1,171.9641
C1710,22,3,1144.8464999999999,3,3,3,9,Fidèles,Influenceur,1,351.37249999999995
C1711,34,2,561.2526,3,2,2,7,Occasionnels,Instagram Ads,1,147.55660000000003
C1712,65,3,601.6734,2,3,3,8,Fidèles,Email,1,121.70340000000007
C1713,156,1,191.78459999999998,1,1,2,4,À réactiver,Email,0,60.34259999999998
C1714,83,1,68.6208,1,1,1,3,À réactiver,Google Ads,0,16.192800000000005
C1715,36,2,142.30949999999999,2,2,1,5,À réactiver,Instagram Ads,1,15.467500000000003
C1718,34,3,653.1887999999999,3,3,3,9,Fidèles,Instagram Ads,1,186.9368
C1719,92,1,60.656200000000005,1,1,1,3,À réactiver,Instagram Ads,0,-5.78179999999999
C1720,22,2,58.3896,3,2,1,6,Occasionnels,Email,1,-1.1723999999999997
C1721,108,2,117.4044,1,2,1,4,À réactiver,Google Ads,1,12.290400000000005
C1722,124,2,48.6885,1,2,1,4,À réactiver,Email,1,-2.0414999999999983
C1723,19,4,198.2903,3,3,2,8,Fidèles,Google Ads,1,-0.19569999999998444
C1724,14,3,1214.1182,3,3,3,9,Fidèles,Instagram Ads,1,288.81820000000005
C1725,119,1,319.55219999999997,1,1,2,4,À réactiver,Email,0,118.45419999999999
C1726,51,2,389.52579999999995,2,2,2,6,À réactiver,Influenceur,1,124.49179999999998
C1730,6,2,185.4484,4,2,2,8,Fidèles,Google Ads,1,42.4144
C1731,36,1,23.49,2,1,1,4,À réactiver,Influenceur,0,-15.02
C1733,110,1,199.29000000000002,1,1,2,4,À réactiver,Google Ads,0,55.15000000000001
C1734,124,2,271.977,1,2,2,5,À réactiver,Email,1,69.10499999999996
C1735,44,1,1124.757,2,1,3,6,À réactiver,Google Ads,0,394.017
C1736,41,2,467.163,2,2,2,6,À réactiver,Instagram Ads,1,119.537
C1738,4,2,100.43690000000001,4,2,1,7,Occasionnels,Influenceur,1,-15.353099999999994
C1739,78,3,841.6347,2,3,3,8,Fidèles,Instagram Ads,1,210.6587
C1740,28,3,206.4701,3,3,2,8,Fidèles,Instagram Ads,1,10.522099999999995
C1741,14,1,363.0075,3,1,2,6,Occasionnels,Instagram Ads,0,92.94749999999999
C1742,72,4,2412.7621999999997,2,3,4,9,Fidèles,Google Ads,1,785.1981999999997
C1743,16,2,696.3957,3,2,3,8,Fidèles,Influenceur,1,232.5097
C1744,3,2,478.72099999999995,4,2,2,8,Fidèles,Influenceur,1,151.54099999999997
C1745,76,2,565.7494,2,2,2,6,À réactiver,Email,1,189.52339999999998
C1746,18,4,690.3012000000001,3,3,3,9,Fidèles,Instagram Ads,1,155.69720000000007
C1747,98,2,434.98799999999994,1,2,2,5,À réactiver,Instagram Ads,1,106.392
C1748,27,2,1026.954,3,2,3,8,Fidèles,Google Ads,1,354.33399999999995
C1749,52,2,259.9248,2,2,2,6,À réactiver,Instagram Ads,1,73.39280000000001
C1750,105,2,87.92920000000001,1,2,1,4,À réactiver,Email,1,3.545200000000003
C1751,6,3,299.9826,4,3,2,9,Fidèles,Google Ads,1,46.09260000000002
C1753,71,2,158.5347,2,2,2,6,À réactiver,Instagram Ads,1,-0.5532999999999966
C1756,23,1,46.007999999999996,3,1,1,5,Occasionnels,Instagram Ads,0,0.9259999999999984
C1757,28,2,109.9872,3,2,1,6,Occasionnels,Influenceur,1,-14.164799999999996
C1759,76,1,99.8634,2,1,1,4,À réactiver,Google Ads,0,25.579400000000007
C1760,38,5,1368.3115,2,4,3,9,Fidèles,Influenceur,1,359.1895
C1761,7,2,567.1914,4,3,2,9,Fidèles,Google Ads,1,171.6894000000001
C1762,103,1,6.228,1,1,1,3,À réactiver,Influenceur,0,-24.394
C1765,138,2,399.279,1,3,2,6,Occasionnels,Google Ads,1,100.08100000000003
C1766,24,1,89.36059999999999,3,1,1,5,Occasionnels,Instagram Ads,0,-1.2653999999999996
C1767,57,1,94.4229,2,1,1,4,À réactiver,Instagram Ads,0,0.20890000000000164
C1768,71,1,1166.6532,2,1,3,6,À réactiver,Instagram Ads,0,226.14120000000005
C1769,61,3,932.9256000000001,2,3,3,8,Fidèles,Google Ads,1,283.0736000000001
C1770,20,3,1443.9553999999998,3,3,3,9,Fidèles,Google Ads,1,494.0113999999998
C1771,54,2,104.1871,2,3,1,6,Occasionnels,Email,1,7.139100000000006
C1772,85,3,959.3194,1,3,3,7,Occasionnels,Instagram Ads,1,187.43940000000003
C1773,113,3,746.8115,1,3,3,7,Occasionnels,Google Ads,1,232.09150000000005
C1774,40,2,485.73720000000003,2,3,2,7,Occasionnels,Influenceur,1,161.63120000000004
C1775,156,1,27.5912,1,1,1,3,À réactiver,Email,0,0.009199999999999875
C1776,9,3,364.8758,4,3,2,9,Fidèles,Influenceur,1,25.391800000000014
C1777,28,1,36.514799999999994,3,1,1,5,Occasionnels,Influenceur,0,-8.711200000000005
C1778,13,1,32.6274,3,1,1,5,Occasionnels,Instagram Ads,0,-9.380599999999998
C1780,59,3,299.4567,2,3,2,7,Occasionnels,Email,1,78.49469999999998
C1781,164,1,14.363199999999999,1,1,1,3,À réactiver,Instagram Ads,0,-19.3448
C1782,44,2,844.6682000000001,2,3,3,8,Fidèles,Instagram Ads,1,241.11020000000002
C1783,148,1,44.197399999999995,1,1,1,3,À réactiver,Instagram Ads,0,3.8613999999999997
C1784,35,3,563.6234999999999,2,3,2,7,Occasionnels,Google Ads,1,138.22950000000003
C1785,67,3,1299.1116000000002,2,3,3,8,Fidèles,Email,1,370.1016000000001
C1787,156,2,119.9382,1,3,1,5,Occasionnels,Email,1,8.042200000000005
C1788,53,2,91.2672,2,3,1,6,Occasionnels,Instagram Ads,1,-4.99879999999999
C1789,30,1,311.85560000000004,3,1,2,6,Occasionnels,Google Ads,0,106.87360000000002
C1790,66,2,148.624,2,3,1,6,Occasionnels,Email,1,27.613999999999997
C1791,90,2,516.4752,1,3,2,6,Occasionnels,Email,1,116.49920000000002
C1793,2,6,2692.4253000000003,4,4,4,12,VIP,Instagram Ads,1,793.9873000000003
C1794,168,2,131.155,1,3,1,5,Occasionnels,Email,1,18.709000000000003
C1795,51,3,1188.5892000000001,2,3,3,8,Fidèles,Instagram Ads,1,253.41319999999996
C1797,4,3,278.3292,4,3,2,9,Fidèles,Influenceur,1,50.26120000000002
C1798,17,5,3630.2178000000004,3,4,4,11,VIP,Email,1,1186.3318000000004
C1799,5,2,120.738,4,3,1,8,Fidèles,Instagram Ads,1,18.421999999999997
C1800,74,4,1957.7008,2,3,4,9,Fidèles,Instagram Ads,1,680.0108
C1802,177,2,640.7897999999999,1,3,3,7,Occasionnels,Instagram Ads,1,226.81779999999995
C1803,65,3,2710.2228,2,3,4,9,Fidèles,Google Ads,1,915.1748
C1807,135,1,810.3574,1,1,3,5,À réactiver,Email,0,301.1154
C1808,177,1,124.78599999999999,1,1,1,3,À réactiver,Google Ads,0,23.616
C1809,78,2,1552.1478000000002,2,3,3,8,Fidèles,Google Ads,1,489.0138000000002
C1810,140,4,308.0157,1,3,2,6,Occasionnels,Influenceur,1,53.61770000000001
C1812,29,4,361.03430000000003,3,3,2,8,Fidèles,Email,1,82.8323
C1813,46,2,359.4578,2,3,2,7,Occasionnels,Google Ads,1,50.42780000000003
C1814,61,1,21.7168,2,1,1,4,À réactiver,Influenceur,0,-13.5592
C1815,71,1,1289.061,2,1,3,6,À réactiver,Instagram Ads,0,411.067
C1816,20,1,709.8352,3,1,3,7,Occasionnels,Google Ads,0,238.55920000000006
C1817,17,5,1102.1925999999999,3,4,3,10,VIP,Email,1,272.25260000000003
C1818,47,2,173.0442,2,3,2,7,Occasionnels,Instagram Ads,1,9.484199999999998
C1822,55,1,1875.3495,2,1,3,6,À réactiver,Email,0,707.7195
C1823,33,3,881.874,3,3,3,9,Fidèles,Google Ads,1,238.50400000000002
C1825,40,2,923.3718,2,3,3,8,Fidèles,Instagram Ads,1,233.52380000000005
C1826,102,1,23.9876,1,1,1,3,À réactiver,Google Ads,0,-0.6683999999999983
C1827,13,4,562.8648000000001,3,3,2,8,Fidèles,Instagram Ads,1,151.56680000000006
C1828,9,3,893.9952,4,3,3,10,VIP,Instagram Ads,1,250.25920000000002
C1830,128,2,710.9536,1,3,3,7,Occasionnels,Google Ads,1,232.16760000000005
C1832,169,1,902.0232000000001,1,1,3,5,À réactiver,Email,0,308.62720000000013
C1833,33,1,132.3777,3,1,1,5,Occasionnels,Instagram Ads,0,34.285700000000006
C1834,89,2,1081.9575,1,3,3,7,Occasionnels,Instagram Ads,1,239.84950000000006
C1835,63,1,24.5376,2,2,1,5,À réactiver,Instagram Ads,0,-13.6584
C1836,46,4,1932.2922000000003,2,3,4,9,Fidèles,Instagram Ads,1,556.7242000000001
C1837,23,1,1528.702,3,2,3,8,Fidèles,Email,0,583.2819999999999
C1838,81,2,199.41359999999997,1,3,2,6,Occasionnels,Google Ads,1,22.7896
C1839,98,3,186.83089999999999,1,3,2,6,Occasionnels,Email,1,22.5269
C1840,105,1,97.60499999999999,1,2,1,4,À réactiver,Instagram Ads,0,19.694999999999997
C1842,52,2,267.957,2,3,2,7,Occasionnels,Influenceur,1,47.643
C1843,89,2,96.09540000000001,1,3,1,5,Occasionnels,Instagram Ads,1,-4.720599999999996
C1845,77,2,2030.3815,2,3,4,9,Fidèles,Google Ads,1,777.7535000000001
C1847,5,5,1645.7541,4,4,3,11,VIP,Instagram Ads,1,449.81810000000013
C1848,87,2,86.09580000000001,1,3,1,5,Occasionnels,Instagram Ads,1,2.2578000000000085
C1849,57,2,522.8348,2,3,2,7,Occasionnels,Influenceur,1,151.9788
C1850,20,3,1181.4579,3,3,3,9,Fidèles,Google Ads,1,390.7479000000001
C1851,11,1,93.53960000000001,4,2,1,7,Occasionnels,Instagram Ads,0,5.1716000000000015
C1853,145,1,58.3176,1,2,1,4,À réactiver,Email,0,14.143600000000003
C1854,85,1,1582.173,1,2,3,6,À réactiver,Instagram Ads,0,506.1410000000001
C1855,45,1,620.964,2,2,3,7,À réactiver,Instagram Ads,0,194.38800000000006
C1857,69,2,350.02919999999995,2,3,2,7,Occasionnels,Google Ads,1,85.10719999999999
C1858,20,4,1324.9447,3,3,3,9,Fidèles,Google Ads,1,390.9087
C1859,13,1,76.1186,3,2,1,6,Occasionnels,Instagram Ads,0,7.302599999999998
C1860,75,1,403.0932,2,2,2,6,À réactiver,Email,0,149.2572
C1861,109,1,32.9294,1,2,1,4,À réactiver,Influenceur,0,-13.634599999999999
C1862,133,1,333.17,1,2,2,5,À réactiver,Google Ads,0,122.368
C1863,8,3,192.7431,4,3,2,9,Fidèles,Influenceur,1,32.443099999999994
C1864,133,1,746.453,1,2,3,6,À réactiver,Email,0,267.889
C1865,80,3,195.5328,1,3,2,6,Occasionnels,Google Ads,1,16.684800000000003
C1866,33,4,480.40389999999996,3,3,2,8,Fidèles,Influenceur,1,118.47389999999997
C1867,28,1,1213.0008,3,2,3,8,Fidèles,Instagram Ads,0,374.3248
C1868,44,1,342.4332,2,2,2,6,À réactiver,Email,0,109.52720000000001
C1869,75,2,50.911699999999996,2,3,1,6,Occasionnels,Instagram Ads,1,-4.440300000000001
C1870,172,1,1398.4092,1,2,3,6,À réactiver,Instagram Ads,0,467.80320000000006
C1871,23,2,113.9376,3,3,1,7,Occasionnels,Email,1,0.7496000000000045
C1872,34,3,271.7226,3,3,2,8,Fidèles,Google Ads,1,29.572600000000012
C1875,39,1,339.0222,2,2,2,6,À réactiver,Google Ads,0,107.80819999999999
C1876,4,2,217.09500000000003,4,3,2,9,Fidèles,Instagram Ads,1,40.43900000000002
C1877,32,1,123.69630000000001,3,2,1,6,Occasionnels,Influenceur,0,18.368299999999998
C1878,41,4,683.5735,2,3,3,8,Fidèles,Instagram Ads,1,178.07549999999998
C1879,77,3,618.3551,2,3,3,8,Fidèles,Email,1,170.62910000000002
C1880,165,1,43.0938,1,2,1,4,À réactiver,Instagram Ads,0,-6.5981999999999985
C1881,61,1,449.982,2,2,2,6,À réactiver,Email,0,138.99400000000003
C1882,2,4,917.4399999999999,4,3,3,10,VIP,Google Ads,1,271.386
C1883,142,1,1013.4911999999999,1,2,3,6,À réactiver,Email,0,374.8991999999999
C1884,55,2,284.7726,2,3,2,7,Occasionnels,Influenceur,1,63.2846
C1885,56,1,78.07679999999999,2,2,1,5,À réactiver,Google Ads,0,17.6288
C1886,100,2,1212.0701999999999,1,3,3,7,Occasionnels,Influenceur,1,297.9862
C1887,140,1,37.176,1,2,1,4,À réactiver,Instagram Ads,0,-11.545999999999996
C1888,52,2,1609.9015,2,3,3,8,Fidèles,Google Ads,1,519.0055000000001
C1889,153,1,112.74749999999999,1,2,1,4,À réactiver,Instagram Ads,0,3.869499999999995
C1891,44,2,239.93959999999998,2,3,2,7,Occasionnels,Google Ads,1,40.7356
C1893,149,1,286.5276,1,2,2,5,À réactiver,Instagram Ads,0,30.901600000000013
C1894,43,3,1002.0690000000001,2,3,3,8,Fidèles,Influenceur,1,344.90900000000005
C1897,51,4,670.2353999999999,2,3,3,8,Fidèles,Instagram Ads,1,169.9714
C1898,52,1,58.083,2,2,1,5,À réactiver,Instagram Ads,0,3.8689999999999998
C1899,144,1,537.744,1,2,2,5,À réactiver,Instagram Ads,0,114.35599999999998
C1900,89,2,1291.3351000000002,1,3,3,7,Occasionnels,Instagram Ads,1,404.7271000000002
C1902,45,2,121.93699999999998,2,3,1,6,Occasionnels,Instagram Ads,1,3.576999999999993
C1904,104,1,57.834,1,2,1,4,À réactiver,Instagram Ads,0,-2.0120000000000005
C1905,39,3,1026.9898,2,3,3,8,Fidèles,Influenceur,1,282.6838000000001
C1906,61,2,1790.9604000000002,2,3,3,8,Fidèles,Influenceur,1,580.5824000000001
C1907,181,1,165.3798,1,2,2,5,À réactiver,Influenceur,0,31.747799999999998
C1908,44,2,457.7427,2,3,2,7,Occasionnels,Google Ads,1,147.93470000000002
C1909,76,1,107.38709999999999,2,2,1,5,À réactiver,Google Ads,0,26.575099999999992
C1910,167,1,56.4417,1,2,1,4,À réactiver,Instagram Ads,0,1.1977000000000046
C1912,91,4,603.564,1,3,3,7,Occasionnels,Email,1,160.498
C1913,6,1,71.38799999999999,4,2,1,7,Occasionnels,Instagram Ads,0,2.2879999999999967
C1914,143,1,37.1628,1,2,1,4,À réactiver,Instagram Ads,0,0.14679999999999715
C1915,12,3,1504.8005,4,3,3,10,VIP,Email,1,462.7405000000001
C1916,9,2,171.45239999999998,4,3,2,9,Fidèles,Influenceur,1,22.88639999999999
C1917,79,1,22.096799999999998,1,2,1,4,À réactiver,Email,0,1.2407999999999983
C1918,99,1,62.272800000000004,1,2,1,4,À réactiver,Influenceur,0,1.1568000000000005
C1919,83,1,116.98559999999999,1,2,1,4,À réactiver,Google Ads,0,34.36959999999999
C1920,41,1,81.9546,2,2,1,5,À réactiver,Email,0,11.170600000000006
C1924,127,1,321.3009,1,2,2,5,À réactiver,Instagram Ads,0,59.67490000000003
C1925,11,3,1744.2595999999999,4,3,3,10,VIP,Instagram Ads,1,597.5656
C1927,66,2,91.6482,2,3,1,6,Occasionnels,Email,1,7.836200000000003
C1928,71,3,194.8512,2,3,2,7,Occasionnels,Instagram Ads,1,-5.546799999999994
C1931,65,1,45.8118,2,2,1,5,À réactiver,Email,0,7.2658000000000005
C1932,168,1,526.8078,1,2,2,5,À réactiver,Google Ads,0,171.1618
C1933,33,1,726.4322999999999,3,2,3,8,Fidèles,Google Ads,0,250.16629999999995
C1934,94,1,24.9484,1,2,1,4,À réactiver,Email,0,3.876400000000001
C1935,21,1,55.582499999999996,3,2,1,6,Occasionnels,Email,0,7.566499999999995
C1936,38,2,287.2326,2,3,2,7,Occasionnels,Instagram Ads,1,52.452600000000004
C1937,36,2,1176.6606000000002,2,3,3,8,Fidèles,Instagram Ads,1,391.8946000000001
C1938,46,2,1746.3564,2,3,3,8,Fidèles,Google Ads,1,620.0783999999999
C1939,15,1,56.016,3,2,1,6,Occasionnels,Instagram Ads,0,-7.8559999999999945
C1940,22,4,1238.0997,3,3,3,9,Fidèles,Email,1,312.24370000000005
C1942,70,2,118.2908,2,3,1,6,Occasionnels,Influenceur,1,19.762800000000006
C1943,71,3,1141.5306,2,3,3,8,Fidèles,Google Ads,1,336.67060000000004
C1944,14,4,1736.9284,3,3,3,9,Fidèles,Instagram Ads,1,568.6444
C1946,63,1,825.5663999999999,2,2,3,7,À réactiver,Instagram Ads,0,119.10440000000007
C1947,26,3,1466.6607,3,3,3,9,Fidèles,Instagram Ads,1,489.7526999999999
C1948,57,3,228.2554,2,3,2,7,Occasionnels,Email,1,26.5334
C1949,141,2,49.2278,1,3,1,5,Occasionnels,Email,1,-8.814200000000003
C1950,84,1,115.425,1,2,1,4,À réactiver,Email,0,31.294999999999995
C1951,25,3,1429.306,3,3,3,9,Fidèles,Instagram Ads,1,424.768
C1952,73,2,65.3426,2,3,1,6,Occasionnels,Influenceur,1,-12.961399999999996
C1953,75,2,661.4428,2,3,3,8,Fidèles,Email,1,218.09880000000007
C1955,129,1,78.2595,1,2,1,4,À réactiver,Email,0,17.799500000000002
C1956,79,3,1549.4974000000002,1,3,3,7,Occasionnels,Influenceur,1,547.3674000000001
C1957,15,2,999.918,3,3,3,9,Fidèles,Email,1,324.86400000000003
C1958,48,1,158.97299999999998,2,2,2,6,À réactiver,Email,0,52.16899999999999
C1959,16,5,1180.5281,3,4,3,10,VIP,Influenceur,1,216.2401
C1960,4,2,1101.8044,4,3,3,10,VIP,Google Ads,1,384.7744000000001
C1961,12,4,997.0574,4,3,3,10,VIP,Instagram Ads,1,247.67340000000002
C1962,73,1,391.09289999999993,2,2,2,6,À réactiver,Email,0,130.27489999999995
C1963,93,1,15.0494,1,2,1,4,À réactiver,Email,0,-4.486599999999999
C1964,106,3,353.5508,1,3,2,6,Occasionnels,Google Ads,1,102.6388
C1965,31,3,942.5552,3,3,3,9,Fidèles,Email,1,267.1672000000001
C1966,56,3,207.75150000000002,2,3,2,7,Occasionnels,Instagram Ads,1,32.443500000000014
C1967,73,1,82.908,2,2,1,5,À réactiver,Google Ads,0,21.607999999999997
C1968,61,4,1975.8339999999998,2,3,4,9,Fidèles,Google Ads,1,492.89599999999984
C1969,130,1,726.6335999999999,1,2,3,6,À réactiver,Instagram Ads,0,194.08959999999988
C1970,25,4,1509.9249000000002,3,3,3,9,Fidèles,Instagram Ads,1,390.96690000000007
C1971,157,1,59.4,1,2,1,4,À réactiver,Google Ads,0,9.739999999999998
C1972,174,1,206.16959999999997,1,2,2,5,À réactiver,Google Ads,0,68.49359999999999
C1975,42,3,716.4954,2,3,3,8,Fidèles,Email,1,231.6554
C1977,32,1,470.124,3,2,2,7,Occasionnels,Google Ads,0,147.24800000000002
C1978,20,2,855.1890000000001,3,3,3,9,Fidèles,Email,1,271.7630000000001
C1982,32,2,129.0395,3,3,1,7,Occasionnels,Email,1,14.293500000000005
C1983,156,2,75.26400000000001,1,3,1,5,Occasionnels,Google Ads,1,2.0040000000000084
C1984,18,3,212.885,3,3,2,8,Fidèles,Google Ads,1,25.94099999999999
C1985,184,1,75.47540000000001,1,2,1,4,À réactiver,Email,0,18.36140000000001
C1986,11,2,130.1094,4,3,1,8,Fidèles,Instagram Ads,1,6.297400000000019
C1987,78,3,1514.7156,2,3,3,8,Fidèles,Instagram Ads,1,438.0996000000002
C1988,22,5,866.8257,3,4,3,10,VIP,Google Ads,1,266.5677
C1989,14,1,256.9132,3,2,2,7,Occasionnels,Instagram Ads,0,31.095200000000027
C1990,131,1,82.176,1,2,1,4,À réactiver,Influenceur,0,10.494000000000003
C1991,26,2,681.62,3,3,3,9,Fidèles,Instagram Ads,1,198.48600000000002
C1992,61,1,482.4126,2,2,2,6,À réactiver,Instagram Ads,0,123.24059999999997
C1993,37,1,174.6108,2,2,2,6,À réactiver,Instagram Ads,0,31.21480000000001
C1994,68,2,533.8077,2,3,2,7,Occasionnels,Instagram Ads,1,172.27969999999996
C1996,76,1,1362.798,2,2,3,7,À réactiver,Instagram Ads,0,436.59599999999995
C1997,2,3,1620.3755999999998,4,3,3,10,VIP,Influenceur,1,390.9615999999999
C1998,13,2,1069.0215,3,3,3,9,Fidèles,Instagram Ads,1,309.19550000000004
C1999,8,2,697.3301999999999,4,3,3,10,VIP,Instagram Ads,1,191.51819999999998
